Agglomération;Type d'habitat;Envergure;Année;Montants moyens des honoraires des agents immobiliers;Indices des montants moyens des honoraires des agents immobiliers
Azilal;Appartement standing;APS;2001;0;0
Azilal;Appartement standing;APS;2002;0;0
Azilal;Appartement standing;APS;2003;0;0
Azilal;Appartement standing;APS;2004;0;0
Azilal;Appartement standing;APS;2005;0;0
Azilal;Appartement standing;APS;2006;0;0
Azilal;Appartement standing;APS;2007;0;0
Azilal;Appartement standing;APS;2008;0;0
Azilal;Appartement standing;APS;2009;0;0
Azilal;Appartement standing;APS;2010;0;0
Azilal;Appartement standing;APS;2011;0;0
Azilal;Appartement standing;APS;2012;0;0
Azilal;Appartement standing;APS;2013;0;0
Azilal;Appartement standing;APS;2014;0;0
Azilal;Appartement standing;APS;2015;0;0
Azilal;Appartement standing;APS;2016;0;0
Azilal;Appartement standing;APS;2017;0;0
Azilal;Appartement standing;APS;2018;0;0
Azilal;Appartement standing;APS;2019;0;0
Azilal;Appartement standing;GT;2001;0;0
Azilal;Appartement standing;GT;2002;0;0
Azilal;Appartement standing;GT;2003;0;0
Azilal;Appartement standing;GT;2004;0;0
Azilal;Appartement standing;GT;2005;0;0
Azilal;Appartement standing;GT;2006;0;0
Azilal;Appartement standing;GT;2007;0;0
Azilal;Appartement standing;GT;2008;0;0
Azilal;Appartement standing;GT;2009;0;0
Azilal;Appartement standing;GT;2010;0;0
Azilal;Appartement standing;GT;2011;0;0
Azilal;Appartement standing;GT;2012;0;0
Azilal;Appartement standing;GT;2013;0;0
Azilal;Appartement standing;GT;2014;0;0
Azilal;Appartement standing;GT;2015;0;0
Azilal;Appartement standing;GT;2016;0;0
Azilal;Appartement standing;GT;2017;0;0
Azilal;Appartement standing;GT;2018;0;0
Azilal;Appartement standing;GT;2019;0;0
Azilal;Appartement standing;MT;2001;0;0
Azilal;Appartement standing;MT;2002;0;0
Azilal;Appartement standing;MT;2003;0;0
Azilal;Appartement standing;MT;2004;0;0
Azilal;Appartement standing;MT;2005;0;0
Azilal;Appartement standing;MT;2006;0;0
Azilal;Appartement standing;MT;2007;0;0
Azilal;Appartement standing;MT;2008;0;0
Azilal;Appartement standing;MT;2009;0;0
Azilal;Appartement standing;MT;2010;0;0
Azilal;Appartement standing;MT;2011;0;0
Azilal;Appartement standing;MT;2012;0;0
Azilal;Appartement standing;MT;2013;0;0
Azilal;Appartement standing;MT;2014;0;0
Azilal;Appartement standing;MT;2015;0;0
Azilal;Appartement standing;MT;2016;0;0
Azilal;Appartement standing;MT;2017;0;0
Azilal;Appartement standing;MT;2018;0;0
Azilal;Appartement standing;MT;2019;0;0
Azilal;Appartement standing;PT;2001;0;0
Azilal;Appartement standing;PT;2002;0;0
Azilal;Appartement standing;PT;2003;0;0
Azilal;Appartement standing;PT;2004;0;0
Azilal;Appartement standing;PT;2005;0;0
Azilal;Appartement standing;PT;2006;0;0
Azilal;Appartement standing;PT;2007;0;0
Azilal;Appartement standing;PT;2008;0;0
Azilal;Appartement standing;PT;2009;0;0
Azilal;Appartement standing;PT;2010;0;0
Azilal;Appartement standing;PT;2011;0;0
Azilal;Appartement standing;PT;2012;0;0
Azilal;Appartement standing;PT;2013;0;0
Azilal;Appartement standing;PT;2014;0;0
Azilal;Appartement standing;PT;2015;0;0
Azilal;Appartement standing;PT;2016;0;0
Azilal;Appartement standing;PT;2017;0;0
Azilal;Appartement standing;PT;2018;0;0
Azilal;Appartement standing;PT;2019;0;0
Azilal;Appartement économique;APE;2001;435;100
Azilal;Appartement économique;APE;2002;446;103
Azilal;Appartement économique;APE;2003;461;106
Azilal;Appartement économique;APE;2004;476;110
Azilal;Appartement économique;APE;2005;484;113
Azilal;Appartement économique;APE;2006;489;114
Azilal;Appartement économique;APE;2007;508;118
Azilal;Appartement économique;APE;2008;524;122
Azilal;Appartement économique;APE;2009;546;127
Azilal;Appartement économique;APE;2010;556;130
Azilal;Appartement économique;APE;2011;566;132
Azilal;Appartement économique;APE;2012;577;134
Azilal;Appartement économique;APE;2013;588;137
Azilal;Appartement économique;APE;2014;599;139
Azilal;Appartement économique;APE;2015;598;143
Azilal;Appartement économique;APE;2016;623;149
Azilal;Appartement économique;APE;2017;648;155
Azilal;Appartement économique;APE;2018;671;160
Azilal;Appartement économique;APE;2019;706;169
Azilal;Appartement économique;GT;2001;580;100
Azilal;Appartement économique;GT;2002;597;103
Azilal;Appartement économique;GT;2003;596;103
Azilal;Appartement économique;GT;2004;574;99
Azilal;Appartement économique;GT;2005;563;97
Azilal;Appartement économique;GT;2006;568;98
Azilal;Appartement économique;GT;2007;573;99
Azilal;Appartement économique;GT;2008;587;101
Azilal;Appartement économique;GT;2009;603;104
Azilal;Appartement économique;GT;2010;624;108
Azilal;Appartement économique;GT;2011;640;110
Azilal;Appartement économique;GT;2012;663;114
Azilal;Appartement économique;GT;2013;686;118
Azilal;Appartement économique;GT;2014;710;122
Azilal;Appartement économique;GT;2015;735;127
Azilal;Appartement économique;GT;2016;756;130
Azilal;Appartement économique;GT;2017;780;134
Azilal;Appartement économique;GT;2018;795;137
Azilal;Appartement économique;GT;2019;851;147
Azilal;Appartement économique;MT;2001;408;100
Azilal;Appartement économique;MT;2002;419;103
Azilal;Appartement économique;MT;2003;442;108
Azilal;Appartement économique;MT;2004;467;115
Azilal;Appartement économique;MT;2005;478;117
Azilal;Appartement économique;MT;2006;483;118
Azilal;Appartement économique;MT;2007;505;124
Azilal;Appartement économique;MT;2008;520;128
Azilal;Appartement économique;MT;2009;543;133
Azilal;Appartement économique;MT;2010;551;135
Azilal;Appartement économique;MT;2011;559;137
Azilal;Appartement économique;MT;2012;567;139
Azilal;Appartement économique;MT;2013;575;141
Azilal;Appartement économique;MT;2014;583;143
Azilal;Appartement économique;MT;2015;591;145
Azilal;Appartement économique;MT;2016;620;152
Azilal;Appartement économique;MT;2017;651;160
Azilal;Appartement économique;MT;2018;675;165
Azilal;Appartement économique;MT;2019;717;176
Azilal;Appartement économique;PT;2001;375;100
Azilal;Appartement économique;PT;2002;382;102
Azilal;Appartement économique;PT;2003;383;102
Azilal;Appartement économique;PT;2004;397;106
Azilal;Appartement économique;PT;2005;418;111
Azilal;Appartement économique;PT;2006;422;112
Azilal;Appartement économique;PT;2007;442;118
Azilal;Appartement économique;PT;2008;462;123
Azilal;Appartement économique;PT;2009;488;130
Azilal;Appartement économique;PT;2010;497;132
Azilal;Appartement économique;PT;2011;507;135
Azilal;Appartement économique;PT;2012;517;138
Azilal;Appartement économique;PT;2013;527;140
Azilal;Appartement économique;PT;2014;537;143
Azilal;Appartement économique;PT;2015;547;146
Azilal;Appartement économique;PT;2016;563;150
Azilal;Appartement économique;PT;2017;578;154
Azilal;Appartement économique;PT;2018;600;160
Azilal;Appartement économique;PT;2019;611;163
Azilal;Maison sur lot économique;GT;2001;636;100
Azilal;Maison sur lot économique;GT;2002;658;103
Azilal;Maison sur lot économique;GT;2003;674;106
Azilal;Maison sur lot économique;GT;2004;680;107
Azilal;Maison sur lot économique;GT;2005;689;108
Azilal;Maison sur lot économique;GT;2006;698;110
Azilal;Maison sur lot économique;GT;2007;710;112
Azilal;Maison sur lot économique;GT;2008;719;113
Azilal;Maison sur lot économique;GT;2009;738;116
Azilal;Maison sur lot économique;GT;2010;751;118
Azilal;Maison sur lot économique;GT;2011;755;119
Azilal;Maison sur lot économique;GT;2012;762;120
Azilal;Maison sur lot économique;GT;2013;774;122
Azilal;Maison sur lot économique;GT;2014;781;123
Azilal;Maison sur lot économique;GT;2015;790;124
Azilal;Maison sur lot économique;GT;2016;821;129
Azilal;Maison sur lot économique;GT;2017;854;134
Azilal;Maison sur lot économique;GT;2018;882;139
Azilal;Maison sur lot économique;GT;2019;968;152
Azilal;Maison sur lot économique;MLE;2001;451;100
Azilal;Maison sur lot économique;MLE;2002;468;104
Azilal;Maison sur lot économique;MLE;2003;482;107
Azilal;Maison sur lot économique;MLE;2004;493;109
Azilal;Maison sur lot économique;MLE;2005;499;111
Azilal;Maison sur lot économique;MLE;2006;501;111
Azilal;Maison sur lot économique;MLE;2007;512;114
Azilal;Maison sur lot économique;MLE;2008;528;117
Azilal;Maison sur lot économique;MLE;2009;544;121
Azilal;Maison sur lot économique;MLE;2010;558;124
Azilal;Maison sur lot économique;MLE;2011;575;128
Azilal;Maison sur lot économique;MLE;2012;592;132
Azilal;Maison sur lot économique;MLE;2013;611;137
Azilal;Maison sur lot économique;MLE;2014;630;141
Azilal;Maison sur lot économique;MLE;2015;637;143
Azilal;Maison sur lot économique;MLE;2016;670;151
Azilal;Maison sur lot économique;MLE;2017;705;159
Azilal;Maison sur lot économique;MLE;2018;733;165
Azilal;Maison sur lot économique;MLE;2019;794;179
Azilal;Maison sur lot économique;MT;2001;407;100
Azilal;Maison sur lot économique;MT;2002;424;104
Azilal;Maison sur lot économique;MT;2003;440;108
Azilal;Maison sur lot économique;MT;2004;456;112
Azilal;Maison sur lot économique;MT;2005;459;113
Azilal;Maison sur lot économique;MT;2006;457;112
Azilal;Maison sur lot économique;MT;2007;469;115
Azilal;Maison sur lot économique;MT;2008;487;120
Azilal;Maison sur lot économique;MT;2009;507;125
Azilal;Maison sur lot économique;MT;2010;524;128
Azilal;Maison sur lot économique;MT;2011;545;134
Azilal;Maison sur lot économique;MT;2012;567;139
Azilal;Maison sur lot économique;MT;2013;590;145
Azilal;Maison sur lot économique;MT;2014;614;151
Azilal;Maison sur lot économique;MT;2015;638;157
Azilal;Maison sur lot économique;MT;2016;677;166
Azilal;Maison sur lot économique;MT;2017;723;177
Azilal;Maison sur lot économique;MT;2018;750;184
Azilal;Maison sur lot économique;MT;2019;830;204
Azilal;Maison sur lot économique;PT;2001;420;100
Azilal;Maison sur lot économique;PT;2002;430;102
Azilal;Maison sur lot économique;PT;2003;435;104
Azilal;Maison sur lot économique;PT;2004;427;102
Azilal;Maison sur lot économique;PT;2005;442;105
Azilal;Maison sur lot économique;PT;2006;452;108
Azilal;Maison sur lot économique;PT;2007;462;110
Azilal;Maison sur lot économique;PT;2008;471;112
Azilal;Maison sur lot économique;PT;2009;468;112
Azilal;Maison sur lot économique;PT;2010;478;114
Azilal;Maison sur lot économique;PT;2011;487;116
Azilal;Maison sur lot économique;PT;2012;497;118
Azilal;Maison sur lot économique;PT;2013;507;121
Azilal;Maison sur lot économique;PT;2014;517;123
Azilal;Maison sur lot économique;PT;2015;528;126
Azilal;Maison sur lot économique;PT;2016;544;130
Azilal;Maison sur lot économique;PT;2017;555;132
Azilal;Maison sur lot économique;PT;2018;586;140
Azilal;Maison sur lot économique;PT;2019;586;140
Azilal;Total ville;MLE;2001;447;100
Azilal;Total ville;MLE;2002;461;103
Azilal;Total ville;MLE;2003;476;107
Azilal;Total ville;MLE;2004;489;110
Azilal;Total ville;MLE;2005;496;112
Azilal;Total ville;MLE;2006;500;112
Azilal;Total ville;MLE;2007;516;116
Azilal;Total ville;MLE;2008;532;120
Azilal;Total ville;MLE;2009;551;124
Azilal;Total ville;MLE;2010;564;127
Azilal;Total ville;MLE;2011;577;130
Azilal;Total ville;MLE;2012;591;134
Azilal;Total ville;MLE;2013;607;137
Azilal;Total ville;MLE;2014;622;140
Azilal;Total ville;MLE;2015;651;144
Azilal;Total ville;MLE;2016;683;151
Azilal;Total ville;MLE;2017;717;159
Azilal;Total ville;MLE;2018;745;165
Azilal;Total ville;MLE;2019;804;179
Azilal;Villa;GT;2001;1293;100
Azilal;Villa;GT;2002;1382;107
Azilal;Villa;GT;2003;1478;114
Azilal;Villa;GT;2004;1580;122
Azilal;Villa;GT;2005;1683;130
Azilal;Villa;GT;2006;1742;135
Azilal;Villa;GT;2007;1849;143
Azilal;Villa;GT;2008;1976;153
Azilal;Villa;GT;2009;2016;156
Azilal;Villa;GT;2010;2097;162
Azilal;Villa;GT;2011;2138;165
Azilal;Villa;GT;2012;2178;168
Azilal;Villa;GT;2013;2219;172
Azilal;Villa;GT;2014;2260;175
Azilal;Villa;GT;2015;2301;178
Azilal;Villa;GT;2016;2350;182
Azilal;Villa;GT;2017;2410;186
Azilal;Villa;GT;2018;2430;188
Azilal;Villa;GT;2019;2512;194
Azilal;Villa;MT;2001;931;100
Azilal;Villa;MT;2002;1000;107
Azilal;Villa;MT;2003;1043;112
Azilal;Villa;MT;2004;1098;118
Azilal;Villa;MT;2005;1132;122
Azilal;Villa;MT;2006;1168;125
Azilal;Villa;MT;2007;1203;129
Azilal;Villa;MT;2008;1264;136
Azilal;Villa;MT;2009;1315;141
Azilal;Villa;MT;2010;1381;148
Azilal;Villa;MT;2011;1421;153
Azilal;Villa;MT;2012;1461;157
Azilal;Villa;MT;2013;1503;161
Azilal;Villa;MT;2014;1597;171
Azilal;Villa;MT;2015;1706;183
Azilal;Villa;MT;2016;1754;188
Azilal;Villa;MT;2017;1810;194
Azilal;Villa;MT;2018;1838;197
Azilal;Villa;MT;2019;1910;205
Azilal;Villa;PT;2001;762;100
Azilal;Villa;PT;2002;815;107
Azilal;Villa;PT;2003;869;114
Azilal;Villa;PT;2004;932;122
Azilal;Villa;PT;2005;975;128
Azilal;Villa;PT;2006;1001;131
Azilal;Villa;PT;2007;1033;136
Azilal;Villa;PT;2008;1095;144
Azilal;Villa;PT;2009;1144;150
Azilal;Villa;PT;2010;1224;161
Azilal;Villa;PT;2011;1264;166
Azilal;Villa;PT;2012;1281;168
Azilal;Villa;PT;2013;1316;173
Azilal;Villa;PT;2014;1353;178
Azilal;Villa;PT;2015;1416;186
Azilal;Villa;PT;2016;1456;191
Azilal;Villa;PT;2017;1502;197
Azilal;Villa;PT;2018;1524;200
Azilal;Villa;PT;2019;1584;208
Azilal;Villa;VIL;2001;990;100
Azilal;Villa;VIL;2002;1061;107
Azilal;Villa;VIL;2003;1120;113
Azilal;Villa;VIL;2004;1189;120
Azilal;Villa;VIL;2005;1244;125
Azilal;Villa;VIL;2006;1283;129
Azilal;Villa;VIL;2007;1337;134
Azilal;Villa;VIL;2008;1416;142
Azilal;Villa;VIL;2009;1463;147
Azilal;Villa;VIL;2010;1536;155
Azilal;Villa;VIL;2011;1576;159
Azilal;Villa;VIL;2012;1612;162
Azilal;Villa;VIL;2013;1652;167
Azilal;Villa;VIL;2014;1719;174
Azilal;Villa;VIL;2015;1721;183
Azilal;Villa;VIL;2016;1768;188
Azilal;Villa;VIL;2017;1822;194
Azilal;Villa;VIL;2018;1847;197
Azilal;Villa;VIL;2019;1918;204
Béni Mellal;Appartement standing;APS;2001;857;100
Béni Mellal;Appartement standing;APS;2002;830;97
Béni Mellal;Appartement standing;APS;2003;891;104
Béni Mellal;Appartement standing;APS;2004;938;110
Béni Mellal;Appartement standing;APS;2005;982;115
Béni Mellal;Appartement standing;APS;2006;982;115
Béni Mellal;Appartement standing;APS;2007;964;113
Béni Mellal;Appartement standing;APS;2008;989;116
Béni Mellal;Appartement standing;APS;2009;1027;120
Béni Mellal;Appartement standing;APS;2010;1077;126
Béni Mellal;Appartement standing;APS;2011;1151;135
Béni Mellal;Appartement standing;APS;2012;1228;144
Béni Mellal;Appartement standing;APS;2013;1200;141
Béni Mellal;Appartement standing;APS;2014;1294;152
Béni Mellal;Appartement standing;APS;2015;1356;158
Béni Mellal;Appartement standing;APS;2016;1395;163
Béni Mellal;Appartement standing;APS;2017;1368;159
Béni Mellal;Appartement standing;APS;2018;1391;161
Béni Mellal;Appartement standing;APS;2019;1437;167
Béni Mellal;Appartement standing;GT;2001;1132;100
Béni Mellal;Appartement standing;GT;2002;1194;105
Béni Mellal;Appartement standing;GT;2003;1266;112
Béni Mellal;Appartement standing;GT;2004;1282;113
Béni Mellal;Appartement standing;GT;2005;1287;114
Béni Mellal;Appartement standing;GT;2006;1287;114
Béni Mellal;Appartement standing;GT;2007;1290;114
Béni Mellal;Appartement standing;GT;2008;1330;117
Béni Mellal;Appartement standing;GT;2009;1391;123
Béni Mellal;Appartement standing;GT;2010;1465;129
Béni Mellal;Appartement standing;GT;2011;1574;139
Béni Mellal;Appartement standing;GT;2012;1607;142
Béni Mellal;Appartement standing;GT;2013;1639;145
Béni Mellal;Appartement standing;GT;2014;1785;158
Béni Mellal;Appartement standing;GT;2015;1846;163
Béni Mellal;Appartement standing;GT;2016;1865;165
Béni Mellal;Appartement standing;GT;2017;1912;169
Béni Mellal;Appartement standing;GT;2018;1950;172
Béni Mellal;Appartement standing;GT;2019;2019;178
Béni Mellal;Appartement standing;MT;2001;881;100
Béni Mellal;Appartement standing;MT;2002;837;95
Béni Mellal;Appartement standing;MT;2003;898;102
Béni Mellal;Appartement standing;MT;2004;952;108
Béni Mellal;Appartement standing;MT;2005;1002;114
Béni Mellal;Appartement standing;MT;2006;1002;114
Béni Mellal;Appartement standing;MT;2007;977;111
Béni Mellal;Appartement standing;MT;2008;1002;114
Béni Mellal;Appartement standing;MT;2009;1042;118
Béni Mellal;Appartement standing;MT;2010;1092;124
Béni Mellal;Appartement standing;MT;2011;1164;132
Béni Mellal;Appartement standing;MT;2012;1239;141
Béni Mellal;Appartement standing;MT;2013;1201;136
Béni Mellal;Appartement standing;MT;2014;1301;148
Béni Mellal;Appartement standing;MT;2015;1338;152
Béni Mellal;Appartement standing;MT;2016;1381;157
Béni Mellal;Appartement standing;MT;2017;1352;153
Béni Mellal;Appartement standing;MT;2018;1388;158
Béni Mellal;Appartement standing;MT;2019;1430;162
Béni Mellal;Appartement standing;PT;2001;681;100
Béni Mellal;Appartement standing;PT;2002;746;109
Béni Mellal;Appartement standing;PT;2003;804;118
Béni Mellal;Appartement standing;PT;2004;812;119
Béni Mellal;Appartement standing;PT;2005;825;121
Béni Mellal;Appartement standing;PT;2006;825;121
Béni Mellal;Appartement standing;PT;2007;848;125
Béni Mellal;Appartement standing;PT;2008;873;128
Béni Mellal;Appartement standing;PT;2009;898;132
Béni Mellal;Appartement standing;PT;2010;943;139
Béni Mellal;Appartement standing;PT;2011;1024;150
Béni Mellal;Appartement standing;PT;2012;1124;165
Béni Mellal;Appartement standing;PT;2013;1149;169
Béni Mellal;Appartement standing;PT;2014;1199;176
Béni Mellal;Appartement standing;PT;2015;1226;180
Béni Mellal;Appartement standing;PT;2016;1262;185
Béni Mellal;Appartement standing;PT;2017;1212;178
Béni Mellal;Appartement standing;PT;2018;1175;173
Béni Mellal;Appartement standing;PT;2019;1225;180
Béni Mellal;Appartement économique;APE;2001;686;100
Béni Mellal;Appartement économique;APE;2002;694;101
Béni Mellal;Appartement économique;APE;2003;709;103
Béni Mellal;Appartement économique;APE;2004;723;106
Béni Mellal;Appartement économique;APE;2005;725;107
Béni Mellal;Appartement économique;APE;2006;722;107
Béni Mellal;Appartement économique;APE;2007;739;109
Béni Mellal;Appartement économique;APE;2008;759;112
Béni Mellal;Appartement économique;APE;2009;781;116
Béni Mellal;Appartement économique;APE;2010;786;116
Béni Mellal;Appartement économique;APE;2011;790;117
Béni Mellal;Appartement économique;APE;2012;795;117
Béni Mellal;Appartement économique;APE;2013;800;118
Béni Mellal;Appartement économique;APE;2014;806;119
Béni Mellal;Appartement économique;APE;2015;784;120
Béni Mellal;Appartement économique;APE;2016;789;121
Béni Mellal;Appartement économique;APE;2017;793;121
Béni Mellal;Appartement économique;APE;2018;802;123
Béni Mellal;Appartement économique;APE;2019;820;126
Béni Mellal;Appartement économique;GT;2001;923;100
Béni Mellal;Appartement économique;GT;2002;947;103
Béni Mellal;Appartement économique;GT;2003;933;101
Béni Mellal;Appartement économique;GT;2004;867;94
Béni Mellal;Appartement économique;GT;2005;839;91
Béni Mellal;Appartement économique;GT;2006;836;91
Béni Mellal;Appartement économique;GT;2007;833;90
Béni Mellal;Appartement économique;GT;2008;866;94
Béni Mellal;Appartement économique;GT;2009;878;95
Béni Mellal;Appartement économique;GT;2010;898;97
Béni Mellal;Appartement économique;GT;2011;918;99
Béni Mellal;Appartement économique;GT;2012;939;102
Béni Mellal;Appartement économique;GT;2013;960;104
Béni Mellal;Appartement économique;GT;2014;981;106
Béni Mellal;Appartement économique;GT;2015;1003;109
Béni Mellal;Appartement économique;GT;2016;1026;111
Béni Mellal;Appartement économique;GT;2017;1047;113
Béni Mellal;Appartement économique;GT;2018;1075;116
Béni Mellal;Appartement économique;GT;2019;1090;118
Béni Mellal;Appartement économique;MT;2001;647;100
Béni Mellal;Appartement économique;MT;2002;654;101
Béni Mellal;Appartement économique;MT;2003;682;105
Béni Mellal;Appartement économique;MT;2004;718;111
Béni Mellal;Appartement économique;MT;2005;724;112
Béni Mellal;Appartement économique;MT;2006;721;112
Béni Mellal;Appartement économique;MT;2007;744;115
Béni Mellal;Appartement économique;MT;2008;757;117
Béni Mellal;Appartement économique;MT;2009;779;121
Béni Mellal;Appartement économique;MT;2010;780;121
Béni Mellal;Appartement économique;MT;2011;781;121
Béni Mellal;Appartement économique;MT;2012;781;121
Béni Mellal;Appartement économique;MT;2013;782;121
Béni Mellal;Appartement économique;MT;2014;783;121
Béni Mellal;Appartement économique;MT;2015;783;121
Béni Mellal;Appartement économique;MT;2016;784;121
Béni Mellal;Appartement économique;MT;2017;783;121
Béni Mellal;Appartement économique;MT;2018;788;122
Béni Mellal;Appartement économique;MT;2019;809;125
Béni Mellal;Appartement économique;PT;2001;505;100
Béni Mellal;Appartement économique;PT;2002;489;97
Béni Mellal;Appartement économique;PT;2003;479;95
Béni Mellal;Appartement économique;PT;2004;508;101
Béni Mellal;Appartement économique;PT;2005;532;105
Béni Mellal;Appartement économique;PT;2006;530;105
Béni Mellal;Appartement économique;PT;2007;547;108
Béni Mellal;Appartement économique;PT;2008;585;116
Béni Mellal;Appartement économique;PT;2009;620;123
Béni Mellal;Appartement économique;PT;2010;623;123
Béni Mellal;Appartement économique;PT;2011;626;124
Béni Mellal;Appartement économique;PT;2012;629;125
Béni Mellal;Appartement économique;PT;2013;632;125
Béni Mellal;Appartement économique;PT;2014;635;126
Béni Mellal;Appartement économique;PT;2015;639;126
Béni Mellal;Appartement économique;PT;2016;642;127
Béni Mellal;Appartement économique;PT;2017;644;127
Béni Mellal;Appartement économique;PT;2018;650;129
Béni Mellal;Appartement économique;PT;2019;665;132
Béni Mellal;Maison sur lot économique;GT;2001;643;100
Béni Mellal;Maison sur lot économique;GT;2002;689;107
Béni Mellal;Maison sur lot économique;GT;2003;712;111
Béni Mellal;Maison sur lot économique;GT;2004;760;118
Béni Mellal;Maison sur lot économique;GT;2005;747;116
Béni Mellal;Maison sur lot économique;GT;2006;755;117
Béni Mellal;Maison sur lot économique;GT;2007;774;120
Béni Mellal;Maison sur lot économique;GT;2008;790;123
Béni Mellal;Maison sur lot économique;GT;2009;817;127
Béni Mellal;Maison sur lot économique;GT;2010;828;129
Béni Mellal;Maison sur lot économique;GT;2011;839;131
Béni Mellal;Maison sur lot économique;GT;2012;850;132
Béni Mellal;Maison sur lot économique;GT;2013;861;134
Béni Mellal;Maison sur lot économique;GT;2014;873;136
Béni Mellal;Maison sur lot économique;GT;2015;884;138
Béni Mellal;Maison sur lot économique;GT;2016;896;139
Béni Mellal;Maison sur lot économique;GT;2017;910;142
Béni Mellal;Maison sur lot économique;GT;2018;938;146
Béni Mellal;Maison sur lot économique;GT;2019;1037;161
Béni Mellal;Maison sur lot économique;MLE;2001;508;100
Béni Mellal;Maison sur lot économique;MLE;2002;537;106
Béni Mellal;Maison sur lot économique;MLE;2003;578;114
Béni Mellal;Maison sur lot économique;MLE;2004;597;117
Béni Mellal;Maison sur lot économique;MLE;2005;576;113
Béni Mellal;Maison sur lot économique;MLE;2006;572;112
Béni Mellal;Maison sur lot économique;MLE;2007;581;114
Béni Mellal;Maison sur lot économique;MLE;2008;601;118
Béni Mellal;Maison sur lot économique;MLE;2009;622;122
Béni Mellal;Maison sur lot économique;MLE;2010;637;125
Béni Mellal;Maison sur lot économique;MLE;2011;653;128
Béni Mellal;Maison sur lot économique;MLE;2012;670;132
Béni Mellal;Maison sur lot économique;MLE;2013;686;135
Béni Mellal;Maison sur lot économique;MLE;2014;703;139
Béni Mellal;Maison sur lot économique;MLE;2015;695;143
Béni Mellal;Maison sur lot économique;MLE;2016;713;147
Béni Mellal;Maison sur lot économique;MLE;2017;734;152
Béni Mellal;Maison sur lot économique;MLE;2018;749;155
Béni Mellal;Maison sur lot économique;MLE;2019;817;169
Béni Mellal;Maison sur lot économique;MT;2001;491;100
Béni Mellal;Maison sur lot économique;MT;2002;517;105
Béni Mellal;Maison sur lot économique;MT;2003;563;115
Béni Mellal;Maison sur lot économique;MT;2004;581;118
Béni Mellal;Maison sur lot économique;MT;2005;557;114
Béni Mellal;Maison sur lot économique;MT;2006;547;111
Béni Mellal;Maison sur lot économique;MT;2007;553;113
Béni Mellal;Maison sur lot économique;MT;2008;572;117
Béni Mellal;Maison sur lot économique;MT;2009;593;121
Béni Mellal;Maison sur lot économique;MT;2010;610;124
Béni Mellal;Maison sur lot économique;MT;2011;627;128
Béni Mellal;Maison sur lot économique;MT;2012;645;131
Béni Mellal;Maison sur lot économique;MT;2013;663;135
Béni Mellal;Maison sur lot économique;MT;2014;681;139
Béni Mellal;Maison sur lot économique;MT;2015;700;143
Béni Mellal;Maison sur lot économique;MT;2016;719;146
Béni Mellal;Maison sur lot économique;MT;2017;742;151
Béni Mellal;Maison sur lot économique;MT;2018;750;153
Béni Mellal;Maison sur lot économique;MT;2019;818;167
Béni Mellal;Maison sur lot économique;PT;2001;377;100
Béni Mellal;Maison sur lot économique;PT;2002;397;105
Béni Mellal;Maison sur lot économique;PT;2003;429;114
Béni Mellal;Maison sur lot économique;PT;2004;411;109
Béni Mellal;Maison sur lot économique;PT;2005;386;102
Béni Mellal;Maison sur lot économique;PT;2006;399;106
Béni Mellal;Maison sur lot économique;PT;2007;413;110
Béni Mellal;Maison sur lot économique;PT;2008;445;118
Béni Mellal;Maison sur lot économique;PT;2009;450;119
Béni Mellal;Maison sur lot économique;PT;2010;467;124
Béni Mellal;Maison sur lot économique;PT;2011;484;128
Béni Mellal;Maison sur lot économique;PT;2012;503;133
Béni Mellal;Maison sur lot économique;PT;2013;521;138
Béni Mellal;Maison sur lot économique;PT;2014;541;143
Béni Mellal;Maison sur lot économique;PT;2015;561;149
Béni Mellal;Maison sur lot économique;PT;2016;582;154
Béni Mellal;Maison sur lot économique;PT;2017;605;160
Béni Mellal;Maison sur lot économique;PT;2018;625;166
Béni Mellal;Maison sur lot économique;PT;2019;674;179
Béni Mellal;Total ville;MLE;2001;603;100
Béni Mellal;Total ville;MLE;2002;622;103
Béni Mellal;Total ville;MLE;2003;650;109
Béni Mellal;Total ville;MLE;2004;667;112
Béni Mellal;Total ville;MLE;2005;658;110
Béni Mellal;Total ville;MLE;2006;655;109
Béni Mellal;Total ville;MLE;2007;669;112
Béni Mellal;Total ville;MLE;2008;689;115
Béni Mellal;Total ville;MLE;2009;710;119
Béni Mellal;Total ville;MLE;2010;721;121
Béni Mellal;Total ville;MLE;2011;732;123
Béni Mellal;Total ville;MLE;2012;743;125
Béni Mellal;Total ville;MLE;2013;753;127
Béni Mellal;Total ville;MLE;2014;765;129
Béni Mellal;Total ville;MLE;2015;758;140
Béni Mellal;Total ville;MLE;2016;776;143
Béni Mellal;Total ville;MLE;2017;791;147
Béni Mellal;Total ville;MLE;2018;806;149
Béni Mellal;Total ville;MLE;2019;865;161
Béni Mellal;Villa;GT;2001;1610;100
Béni Mellal;Villa;GT;2002;1767;110
Béni Mellal;Villa;GT;2003;1905;118
Béni Mellal;Villa;GT;2004;2073;129
Béni Mellal;Villa;GT;2005;2187;136
Béni Mellal;Villa;GT;2006;2219;138
Béni Mellal;Villa;GT;2007;2333;145
Béni Mellal;Villa;GT;2008;2495;155
Béni Mellal;Villa;GT;2009;2523;157
Béni Mellal;Villa;GT;2010;2551;158
Béni Mellal;Villa;GT;2011;2579;160
Béni Mellal;Villa;GT;2012;2607;162
Béni Mellal;Villa;GT;2013;2635;164
Béni Mellal;Villa;GT;2014;2663;165
Béni Mellal;Villa;GT;2015;2691;167
Béni Mellal;Villa;GT;2016;2719;169
Béni Mellal;Villa;GT;2017;2756;171
Béni Mellal;Villa;GT;2018;2825;175
Béni Mellal;Villa;GT;2019;3021;188
Béni Mellal;Villa;MT;2001;1011;100
Béni Mellal;Villa;MT;2002;1095;108
Béni Mellal;Villa;MT;2003;1119;111
Béni Mellal;Villa;MT;2004;1143;113
Béni Mellal;Villa;MT;2005;1167;115
Béni Mellal;Villa;MT;2006;1192;118
Béni Mellal;Villa;MT;2007;1217;120
Béni Mellal;Villa;MT;2008;1242;123
Béni Mellal;Villa;MT;2009;1268;125
Béni Mellal;Villa;MT;2010;1294;128
Béni Mellal;Villa;MT;2011;1321;131
Béni Mellal;Villa;MT;2012;1348;133
Béni Mellal;Villa;MT;2013;1376;136
Béni Mellal;Villa;MT;2014;1450;144
Béni Mellal;Villa;MT;2015;1568;155
Béni Mellal;Villa;MT;2016;1659;164
Béni Mellal;Villa;MT;2017;1650;163
Béni Mellal;Villa;MT;2018;1725;171
Béni Mellal;Villa;MT;2019;1859;184
Béni Mellal;Villa;PT;2001;778;100
Béni Mellal;Villa;PT;2002;831;107
Béni Mellal;Villa;PT;2003;919;118
Béni Mellal;Villa;PT;2004;985;127
Béni Mellal;Villa;PT;2005;1020;131
Béni Mellal;Villa;PT;2006;1032;133
Béni Mellal;Villa;PT;2007;1045;134
Béni Mellal;Villa;PT;2008;1098;141
Béni Mellal;Villa;PT;2009;1137;146
Béni Mellal;Villa;PT;2010;1207;155
Béni Mellal;Villa;PT;2011;1321;170
Béni Mellal;Villa;PT;2012;1289;166
Béni Mellal;Villa;PT;2013;1314;169
Béni Mellal;Villa;PT;2014;1340;172
Béni Mellal;Villa;PT;2015;1394;179
Béni Mellal;Villa;PT;2016;1438;185
Béni Mellal;Villa;PT;2017;1348;173
Béni Mellal;Villa;PT;2018;1400;180
Béni Mellal;Villa;PT;2019;1514;195
Béni Mellal;Villa;VIL;2001;1098;100
Béni Mellal;Villa;VIL;2002;1193;108
Béni Mellal;Villa;VIL;2003;1261;114
Béni Mellal;Villa;VIL;2004;1331;120
Béni Mellal;Villa;VIL;2005;1380;124
Béni Mellal;Villa;VIL;2006;1403;127
Béni Mellal;Villa;VIL;2007;1447;130
Béni Mellal;Villa;VIL;2008;1513;135
Béni Mellal;Villa;VIL;2009;1543;138
Béni Mellal;Villa;VIL;2010;1581;142
Béni Mellal;Villa;VIL;2011;1630;148
Béni Mellal;Villa;VIL;2012;1642;149
Béni Mellal;Villa;VIL;2013;1669;151
Béni Mellal;Villa;VIL;2014;1720;156
Béni Mellal;Villa;VIL;2015;1663;163
Béni Mellal;Villa;VIL;2016;1734;171
Béni Mellal;Villa;VIL;2017;1708;167
Béni Mellal;Villa;VIL;2018;1776;174
Béni Mellal;Villa;VIL;2019;1912;187
Béni Mellal Khénifra;Appartement standing;APS;2001;701;100
Béni Mellal Khénifra;Appartement standing;APS;2002;705;101
Béni Mellal Khénifra;Appartement standing;APS;2003;736;106
Béni Mellal Khénifra;Appartement standing;APS;2004;774;111
Béni Mellal Khénifra;Appartement standing;APS;2005;813;117
Béni Mellal Khénifra;Appartement standing;APS;2006;822;118
Béni Mellal Khénifra;Appartement standing;APS;2007;836;121
Béni Mellal Khénifra;Appartement standing;APS;2008;866;125
Béni Mellal Khénifra;Appartement standing;APS;2009;907;132
Béni Mellal Khénifra;Appartement standing;APS;2010;959;139
Béni Mellal Khénifra;Appartement standing;APS;2011;1020;148
Béni Mellal Khénifra;Appartement standing;APS;2012;1082;157
Béni Mellal Khénifra;Appartement standing;APS;2013;1102;161
Béni Mellal Khénifra;Appartement standing;APS;2014;1173;171
Béni Mellal Khénifra;Appartement standing;APS;2015;1223;179
Béni Mellal Khénifra;Appartement standing;APS;2016;1260;184
Béni Mellal Khénifra;Appartement standing;APS;2017;1278;187
Béni Mellal Khénifra;Appartement standing;APS;2018;1310;192
Béni Mellal Khénifra;Appartement standing;APS;2019;1350;198
Béni Mellal Khénifra;Appartement standing;GT;2001;971;100
Béni Mellal Khénifra;Appartement standing;GT;2002;1014;104
Béni Mellal Khénifra;Appartement standing;GT;2003;1053;108
Béni Mellal Khénifra;Appartement standing;GT;2004;1076;111
Béni Mellal Khénifra;Appartement standing;GT;2005;1091;112
Béni Mellal Khénifra;Appartement standing;GT;2006;1101;114
Béni Mellal Khénifra;Appartement standing;GT;2007;1113;115
Béni Mellal Khénifra;Appartement standing;GT;2008;1158;120
Béni Mellal Khénifra;Appartement standing;GT;2009;1221;127
Béni Mellal Khénifra;Appartement standing;GT;2010;1290;134
Béni Mellal Khénifra;Appartement standing;GT;2011;1373;142
Béni Mellal Khénifra;Appartement standing;GT;2012;1413;147
Béni Mellal Khénifra;Appartement standing;GT;2013;1454;151
Béni Mellal Khénifra;Appartement standing;GT;2014;1558;162
Béni Mellal Khénifra;Appartement standing;GT;2015;1618;169
Béni Mellal Khénifra;Appartement standing;GT;2016;1655;173
Béni Mellal Khénifra;Appartement standing;GT;2017;1702;178
Béni Mellal Khénifra;Appartement standing;GT;2018;1742;182
Béni Mellal Khénifra;Appartement standing;GT;2019;1798;188
Béni Mellal Khénifra;Appartement standing;MT;2001;723;100
Béni Mellal Khénifra;Appartement standing;MT;2002;721;100
Béni Mellal Khénifra;Appartement standing;MT;2003;748;104
Béni Mellal Khénifra;Appartement standing;MT;2004;791;110
Béni Mellal Khénifra;Appartement standing;MT;2005;835;116
Béni Mellal Khénifra;Appartement standing;MT;2006;843;117
Béni Mellal Khénifra;Appartement standing;MT;2007;856;120
Béni Mellal Khénifra;Appartement standing;MT;2008;886;124
Béni Mellal Khénifra;Appartement standing;MT;2009;929;130
Béni Mellal Khénifra;Appartement standing;MT;2010;983;138
Béni Mellal Khénifra;Appartement standing;MT;2011;1044;147
Béni Mellal Khénifra;Appartement standing;MT;2012;1107;155
Béni Mellal Khénifra;Appartement standing;MT;2013;1127;159
Béni Mellal Khénifra;Appartement standing;MT;2014;1201;169
Béni Mellal Khénifra;Appartement standing;MT;2015;1245;177
Béni Mellal Khénifra;Appartement standing;MT;2016;1282;182
Béni Mellal Khénifra;Appartement standing;MT;2017;1299;185
Béni Mellal Khénifra;Appartement standing;MT;2018;1332;190
Béni Mellal Khénifra;Appartement standing;MT;2019;1372;196
Béni Mellal Khénifra;Appartement standing;PT;2001;547;100
Béni Mellal Khénifra;Appartement standing;PT;2002;587;107
Béni Mellal Khénifra;Appartement standing;PT;2003;628;115
Béni Mellal Khénifra;Appartement standing;PT;2004;645;118
Béni Mellal Khénifra;Appartement standing;PT;2005;663;122
Béni Mellal Khénifra;Appartement standing;PT;2006;676;125
Béni Mellal Khénifra;Appartement standing;PT;2007;701;129
Béni Mellal Khénifra;Appartement standing;PT;2008;727;134
Béni Mellal Khénifra;Appartement standing;PT;2009;755;140
Béni Mellal Khénifra;Appartement standing;PT;2010;799;148
Béni Mellal Khénifra;Appartement standing;PT;2011;853;158
Béni Mellal Khénifra;Appartement standing;PT;2012;917;169
Béni Mellal Khénifra;Appartement standing;PT;2013;945;175
Béni Mellal Khénifra;Appartement standing;PT;2014;993;184
Béni Mellal Khénifra;Appartement standing;PT;2015;1016;190
Béni Mellal Khénifra;Appartement standing;PT;2016;1050;196
Béni Mellal Khénifra;Appartement standing;PT;2017;1058;199
Béni Mellal Khénifra;Appartement standing;PT;2018;1073;202
Béni Mellal Khénifra;Appartement standing;PT;2019;1109;209
Béni Mellal Khénifra;Appartement économique;APE;2001;529;100
Béni Mellal Khénifra;Appartement économique;APE;2002;539;102
Béni Mellal Khénifra;Appartement économique;APE;2003;554;105
Béni Mellal Khénifra;Appartement économique;APE;2004;567;108
Béni Mellal Khénifra;Appartement économique;APE;2005;569;110
Béni Mellal Khénifra;Appartement économique;APE;2006;571;111
Béni Mellal Khénifra;Appartement économique;APE;2007;589;114
Béni Mellal Khénifra;Appartement économique;APE;2008;605;118
Béni Mellal Khénifra;Appartement économique;APE;2009;626;122
Béni Mellal Khénifra;Appartement économique;APE;2010;635;124
Béni Mellal Khénifra;Appartement économique;APE;2011;643;126
Béni Mellal Khénifra;Appartement économique;APE;2012;651;127
Béni Mellal Khénifra;Appartement économique;APE;2013;660;129
Béni Mellal Khénifra;Appartement économique;APE;2014;669;131
Béni Mellal Khénifra;Appartement économique;APE;2015;660;134
Béni Mellal Khénifra;Appartement économique;APE;2016;679;138
Béni Mellal Khénifra;Appartement économique;APE;2017;698;142
Béni Mellal Khénifra;Appartement économique;APE;2018;715;146
Béni Mellal Khénifra;Appartement économique;APE;2019;744;152
Béni Mellal Khénifra;Appartement économique;GT;2001;690;100
Béni Mellal Khénifra;Appartement économique;GT;2002;708;103
Béni Mellal Khénifra;Appartement économique;GT;2003;701;102
Béni Mellal Khénifra;Appartement économique;GT;2004;665;97
Béni Mellal Khénifra;Appartement économique;GT;2005;643;95
Béni Mellal Khénifra;Appartement économique;GT;2006;645;95
Béni Mellal Khénifra;Appartement économique;GT;2007;647;96
Béni Mellal Khénifra;Appartement économique;GT;2008;664;98
Béni Mellal Khénifra;Appartement économique;GT;2009;678;100
Béni Mellal Khénifra;Appartement économique;GT;2010;697;103
Béni Mellal Khénifra;Appartement économique;GT;2011;713;106
Béni Mellal Khénifra;Appartement économique;GT;2012;734;109
Béni Mellal Khénifra;Appartement économique;GT;2013;755;113
Béni Mellal Khénifra;Appartement économique;GT;2014;777;116
Béni Mellal Khénifra;Appartement économique;GT;2015;799;120
Béni Mellal Khénifra;Appartement économique;GT;2016;828;124
Béni Mellal Khénifra;Appartement économique;GT;2017;858;129
Béni Mellal Khénifra;Appartement économique;GT;2018;886;134
Béni Mellal Khénifra;Appartement économique;GT;2019;925;140
Béni Mellal Khénifra;Appartement économique;MT;2001;507;100
Béni Mellal Khénifra;Appartement économique;MT;2002;517;102
Béni Mellal Khénifra;Appartement économique;MT;2003;543;107
Béni Mellal Khénifra;Appartement économique;MT;2004;572;113
Béni Mellal Khénifra;Appartement économique;MT;2005;578;115
Béni Mellal Khénifra;Appartement économique;MT;2006;580;116
Béni Mellal Khénifra;Appartement économique;MT;2007;603;121
Béni Mellal Khénifra;Appartement économique;MT;2008;618;124
Béni Mellal Khénifra;Appartement économique;MT;2009;641;129
Béni Mellal Khénifra;Appartement économique;MT;2010;646;130
Béni Mellal Khénifra;Appartement économique;MT;2011;652;131
Béni Mellal Khénifra;Appartement économique;MT;2012;657;132
Béni Mellal Khénifra;Appartement économique;MT;2013;662;134
Béni Mellal Khénifra;Appartement économique;MT;2014;668;135
Béni Mellal Khénifra;Appartement économique;MT;2015;674;137
Béni Mellal Khénifra;Appartement économique;MT;2016;689;140
Béni Mellal Khénifra;Appartement économique;MT;2017;704;144
Béni Mellal Khénifra;Appartement économique;MT;2018;717;146
Béni Mellal Khénifra;Appartement économique;MT;2019;746;152
Béni Mellal Khénifra;Appartement économique;PT;2001;400;100
Béni Mellal Khénifra;Appartement économique;PT;2002;399;100
Béni Mellal Khénifra;Appartement économique;PT;2003;397;100
Béni Mellal Khénifra;Appartement économique;PT;2004;414;104
Béni Mellal Khénifra;Appartement économique;PT;2005;431;109
Béni Mellal Khénifra;Appartement économique;PT;2006;433;109
Béni Mellal Khénifra;Appartement économique;PT;2007;451;114
Béni Mellal Khénifra;Appartement économique;PT;2008;474;120
Béni Mellal Khénifra;Appartement économique;PT;2009;499;126
Béni Mellal Khénifra;Appartement économique;PT;2010;506;128
Béni Mellal Khénifra;Appartement économique;PT;2011;512;130
Béni Mellal Khénifra;Appartement économique;PT;2012;519;132
Béni Mellal Khénifra;Appartement économique;PT;2013;526;134
Béni Mellal Khénifra;Appartement économique;PT;2014;533;136
Béni Mellal Khénifra;Appartement économique;PT;2015;539;138
Béni Mellal Khénifra;Appartement économique;PT;2016;558;143
Béni Mellal Khénifra;Appartement économique;PT;2017;578;148
Béni Mellal Khénifra;Appartement économique;PT;2018;597;154
Béni Mellal Khénifra;Appartement économique;PT;2019;621;160
Béni Mellal Khénifra;Maison sur lot économique;GT;2001;618;100
Béni Mellal Khénifra;Maison sur lot économique;GT;2002;647;105
Béni Mellal Khénifra;Maison sur lot économique;GT;2003;667;108
Béni Mellal Khénifra;Maison sur lot économique;GT;2004;686;111
Béni Mellal Khénifra;Maison sur lot économique;GT;2005;688;112
Béni Mellal Khénifra;Maison sur lot économique;GT;2006;699;114
Béni Mellal Khénifra;Maison sur lot économique;GT;2007;714;116
Béni Mellal Khénifra;Maison sur lot économique;GT;2008;727;118
Béni Mellal Khénifra;Maison sur lot économique;GT;2009;749;122
Béni Mellal Khénifra;Maison sur lot économique;GT;2010;763;124
Béni Mellal Khénifra;Maison sur lot économique;GT;2011;771;126
Béni Mellal Khénifra;Maison sur lot économique;GT;2012;780;127
Béni Mellal Khénifra;Maison sur lot économique;GT;2013;794;130
Béni Mellal Khénifra;Maison sur lot économique;GT;2014;804;131
Béni Mellal Khénifra;Maison sur lot économique;GT;2015;815;134
Béni Mellal Khénifra;Maison sur lot économique;GT;2016;843;138
Béni Mellal Khénifra;Maison sur lot économique;GT;2017;874;144
Béni Mellal Khénifra;Maison sur lot économique;GT;2018;902;148
Béni Mellal Khénifra;Maison sur lot économique;GT;2019;970;160
Béni Mellal Khénifra;Maison sur lot économique;MLE;2001;519;100
Béni Mellal Khénifra;Maison sur lot économique;MLE;2002;537;104
Béni Mellal Khénifra;Maison sur lot économique;MLE;2003;556;108
Béni Mellal Khénifra;Maison sur lot économique;MLE;2004;567;110
Béni Mellal Khénifra;Maison sur lot économique;MLE;2005;563;109
Béni Mellal Khénifra;Maison sur lot économique;MLE;2006;560;108
Béni Mellal Khénifra;Maison sur lot économique;MLE;2007;569;110
Béni Mellal Khénifra;Maison sur lot économique;MLE;2008;584;113
Béni Mellal Khénifra;Maison sur lot économique;MLE;2009;599;116
Béni Mellal Khénifra;Maison sur lot économique;MLE;2010;612;119
Béni Mellal Khénifra;Maison sur lot économique;MLE;2011;626;122
Béni Mellal Khénifra;Maison sur lot économique;MLE;2012;641;125
Béni Mellal Khénifra;Maison sur lot économique;MLE;2013;657;129
Béni Mellal Khénifra;Maison sur lot économique;MLE;2014;673;132
Béni Mellal Khénifra;Maison sur lot économique;MLE;2015;672;138
Béni Mellal Khénifra;Maison sur lot économique;MLE;2016;699;143
Béni Mellal Khénifra;Maison sur lot économique;MLE;2017;728;149
Béni Mellal Khénifra;Maison sur lot économique;MLE;2018;754;155
Béni Mellal Khénifra;Maison sur lot économique;MLE;2019;802;165
Béni Mellal Khénifra;Maison sur lot économique;MT;2001;522;100
Béni Mellal Khénifra;Maison sur lot économique;MT;2002;537;103
Béni Mellal Khénifra;Maison sur lot économique;MT;2003;557;107
Béni Mellal Khénifra;Maison sur lot économique;MT;2004;569;110
Béni Mellal Khénifra;Maison sur lot économique;MT;2005;560;107
Béni Mellal Khénifra;Maison sur lot économique;MT;2006;548;105
Béni Mellal Khénifra;Maison sur lot économique;MT;2007;553;107
Béni Mellal Khénifra;Maison sur lot économique;MT;2008;567;109
Béni Mellal Khénifra;Maison sur lot économique;MT;2009;583;113
Béni Mellal Khénifra;Maison sur lot économique;MT;2010;595;115
Béni Mellal Khénifra;Maison sur lot économique;MT;2011;610;118
Béni Mellal Khénifra;Maison sur lot économique;MT;2012;626;122
Béni Mellal Khénifra;Maison sur lot économique;MT;2013;643;125
Béni Mellal Khénifra;Maison sur lot économique;MT;2014;660;128
Béni Mellal Khénifra;Maison sur lot économique;MT;2015;678;132
Béni Mellal Khénifra;Maison sur lot économique;MT;2016;711;138
Béni Mellal Khénifra;Maison sur lot économique;MT;2017;747;145
Béni Mellal Khénifra;Maison sur lot économique;MT;2018;775;151
Béni Mellal Khénifra;Maison sur lot économique;MT;2019;829;162
Béni Mellal Khénifra;Maison sur lot économique;PT;2001;379;100
Béni Mellal Khénifra;Maison sur lot économique;PT;2002;395;104
Béni Mellal Khénifra;Maison sur lot économique;PT;2003;411;109
Béni Mellal Khénifra;Maison sur lot économique;PT;2004;403;107
Béni Mellal Khénifra;Maison sur lot économique;PT;2005;411;109
Béni Mellal Khénifra;Maison sur lot économique;PT;2006;425;113
Béni Mellal Khénifra;Maison sur lot économique;PT;2007;440;117
Béni Mellal Khénifra;Maison sur lot économique;PT;2008;459;122
Béni Mellal Khénifra;Maison sur lot économique;PT;2009;462;123
Béni Mellal Khénifra;Maison sur lot économique;PT;2010;478;127
Béni Mellal Khénifra;Maison sur lot économique;PT;2011;494;131
Béni Mellal Khénifra;Maison sur lot économique;PT;2012;511;136
Béni Mellal Khénifra;Maison sur lot économique;PT;2013;528;141
Béni Mellal Khénifra;Maison sur lot économique;PT;2014;546;146
Béni Mellal Khénifra;Maison sur lot économique;PT;2015;565;151
Béni Mellal Khénifra;Maison sur lot économique;PT;2016;582;156
Béni Mellal Khénifra;Maison sur lot économique;PT;2017;600;161
Béni Mellal Khénifra;Maison sur lot économique;PT;2018;620;166
Béni Mellal Khénifra;Maison sur lot économique;PT;2019;647;173
Béni Mellal Khénifra;Total région;MLE;2001;531;100
Béni Mellal Khénifra;Total région;MLE;2002;545;103
Béni Mellal Khénifra;Total région;MLE;2003;563;106
Béni Mellal Khénifra;Total région;MLE;2004;576;109
Béni Mellal Khénifra;Total région;MLE;2005;576;110
Béni Mellal Khénifra;Total région;MLE;2006;575;110
Béni Mellal Khénifra;Total région;MLE;2007;589;113
Béni Mellal Khénifra;Total région;MLE;2008;605;116
Béni Mellal Khénifra;Total région;MLE;2009;624;120
Béni Mellal Khénifra;Total région;MLE;2010;635;122
Béni Mellal Khénifra;Total région;MLE;2011;646;124
Béni Mellal Khénifra;Total région;MLE;2012;659;127
Béni Mellal Khénifra;Total région;MLE;2013;671;129
Béni Mellal Khénifra;Total région;MLE;2014;684;132
Béni Mellal Khénifra;Total région;MLE;2015;710;138
Béni Mellal Khénifra;Total région;MLE;2016;736;144
Béni Mellal Khénifra;Total région;MLE;2017;764;149
Béni Mellal Khénifra;Total région;MLE;2018;788;154
Béni Mellal Khénifra;Total région;MLE;2019;834;163
Béni Mellal Khénifra;Villa;GT;2001;1591;100
Béni Mellal Khénifra;Villa;GT;2002;1696;107
Béni Mellal Khénifra;Villa;GT;2003;1801;113
Béni Mellal Khénifra;Villa;GT;2004;1917;121
Béni Mellal Khénifra;Villa;GT;2005;2020;127
Béni Mellal Khénifra;Villa;GT;2006;2060;129
Béni Mellal Khénifra;Villa;GT;2007;2161;136
Béni Mellal Khénifra;Villa;GT;2008;2291;144
Béni Mellal Khénifra;Villa;GT;2009;2311;145
Béni Mellal Khénifra;Villa;GT;2010;2365;148
Béni Mellal Khénifra;Villa;GT;2011;2386;150
Béni Mellal Khénifra;Villa;GT;2012;2407;151
Béni Mellal Khénifra;Villa;GT;2013;2427;152
Béni Mellal Khénifra;Villa;GT;2014;2448;154
Béni Mellal Khénifra;Villa;GT;2015;2472;155
Béni Mellal Khénifra;Villa;GT;2016;2514;157
Béni Mellal Khénifra;Villa;GT;2017;2560;160
Béni Mellal Khénifra;Villa;GT;2018;2610;164
Béni Mellal Khénifra;Villa;GT;2019;2700;169
Béni Mellal Khénifra;Villa;MT;2001;1019;100
Béni Mellal Khénifra;Villa;MT;2002;1086;107
Béni Mellal Khénifra;Villa;MT;2003;1115;109
Béni Mellal Khénifra;Villa;MT;2004;1152;113
Béni Mellal Khénifra;Villa;MT;2005;1176;115
Béni Mellal Khénifra;Villa;MT;2006;1198;117
Béni Mellal Khénifra;Villa;MT;2007;1221;120
Béni Mellal Khénifra;Villa;MT;2008;1262;124
Béni Mellal Khénifra;Villa;MT;2009;1295;127
Béni Mellal Khénifra;Villa;MT;2010;1338;131
Béni Mellal Khénifra;Villa;MT;2011;1362;134
Béni Mellal Khénifra;Villa;MT;2012;1387;136
Béni Mellal Khénifra;Villa;MT;2013;1413;139
Béni Mellal Khénifra;Villa;MT;2014;1486;146
Béni Mellal Khénifra;Villa;MT;2015;1581;155
Béni Mellal Khénifra;Villa;MT;2016;1630;160
Béni Mellal Khénifra;Villa;MT;2017;1656;162
Béni Mellal Khénifra;Villa;MT;2018;1694;166
Béni Mellal Khénifra;Villa;MT;2019;1770;174
Béni Mellal Khénifra;Villa;PT;2001;752;100
Béni Mellal Khénifra;Villa;PT;2002;796;106
Béni Mellal Khénifra;Villa;PT;2003;850;113
Béni Mellal Khénifra;Villa;PT;2004;903;120
Béni Mellal Khénifra;Villa;PT;2005;931;124
Béni Mellal Khénifra;Villa;PT;2006;942;125
Béni Mellal Khénifra;Villa;PT;2007;958;128
Béni Mellal Khénifra;Villa;PT;2008;1005;134
Béni Mellal Khénifra;Villa;PT;2009;1038;138
Béni Mellal Khénifra;Villa;PT;2010;1100;146
Béni Mellal Khénifra;Villa;PT;2011;1146;152
Béni Mellal Khénifra;Villa;PT;2012;1140;152
Béni Mellal Khénifra;Villa;PT;2013;1160;154
Béni Mellal Khénifra;Villa;PT;2014;1181;157
Béni Mellal Khénifra;Villa;PT;2015;1221;162
Béni Mellal Khénifra;Villa;PT;2016;1259;168
Béni Mellal Khénifra;Villa;PT;2017;1261;168
Béni Mellal Khénifra;Villa;PT;2018;1303;174
Béni Mellal Khénifra;Villa;PT;2019;1364;182
Béni Mellal Khénifra;Villa;VIL;2001;1072;100
Béni Mellal Khénifra;Villa;VIL;2002;1142;106
Béni Mellal Khénifra;Villa;VIL;2003;1195;111
Béni Mellal Khénifra;Villa;VIL;2004;1256;117
Béni Mellal Khénifra;Villa;VIL;2005;1300;121
Béni Mellal Khénifra;Villa;VIL;2006;1323;123
Béni Mellal Khénifra;Villa;VIL;2007;1363;126
Béni Mellal Khénifra;Villa;VIL;2008;1426;131
Béni Mellal Khénifra;Villa;VIL;2009;1456;135
Béni Mellal Khénifra;Villa;VIL;2010;1507;140
Béni Mellal Khénifra;Villa;VIL;2011;1536;143
Béni Mellal Khénifra;Villa;VIL;2012;1551;144
Béni Mellal Khénifra;Villa;VIL;2013;1573;147
Béni Mellal Khénifra;Villa;VIL;2014;1618;151
Béni Mellal Khénifra;Villa;VIL;2015;1571;157
Béni Mellal Khénifra;Villa;VIL;2016;1616;162
Béni Mellal Khénifra;Villa;VIL;2017;1638;164
Béni Mellal Khénifra;Villa;VIL;2018;1680;168
Béni Mellal Khénifra;Villa;VIL;2019;1753;176
Fquih Ben Salah;Appartement standing;APS;2001;511;100
Fquih Ben Salah;Appartement standing;APS;2002;533;105
Fquih Ben Salah;Appartement standing;APS;2003;554;109
Fquih Ben Salah;Appartement standing;APS;2004;592;116
Fquih Ben Salah;Appartement standing;APS;2005;632;124
Fquih Ben Salah;Appartement standing;APS;2006;651;128
Fquih Ben Salah;Appartement standing;APS;2007;685;135
Fquih Ben Salah;Appartement standing;APS;2008;721;142
Fquih Ben Salah;Appartement standing;APS;2009;769;151
Fquih Ben Salah;Appartement standing;APS;2010;826;162
Fquih Ben Salah;Appartement standing;APS;2011;885;174
Fquih Ben Salah;Appartement standing;APS;2012;946;186
Fquih Ben Salah;Appartement standing;APS;2013;996;195
Fquih Ben Salah;Appartement standing;APS;2014;1062;209
Fquih Ben Salah;Appartement standing;APS;2015;1124;218
Fquih Ben Salah;Appartement standing;APS;2016;1162;226
Fquih Ben Salah;Appartement standing;APS;2017;1206;234
Fquih Ben Salah;Appartement standing;APS;2018;1229;239
Fquih Ben Salah;Appartement standing;APS;2019;1285;250
Fquih Ben Salah;Appartement standing;GT;2001;764;100
Fquih Ben Salah;Appartement standing;GT;2002;807;106
Fquih Ben Salah;Appartement standing;GT;2003;840;110
Fquih Ben Salah;Appartement standing;GT;2004;875;114
Fquih Ben Salah;Appartement standing;GT;2005;904;118
Fquih Ben Salah;Appartement standing;GT;2006;928;121
Fquih Ben Salah;Appartement standing;GT;2007;955;125
Fquih Ben Salah;Appartement standing;GT;2008;1011;132
Fquih Ben Salah;Appartement standing;GT;2009;1084;142
Fquih Ben Salah;Appartement standing;GT;2010;1159;152
Fquih Ben Salah;Appartement standing;GT;2011;1240;162
Fquih Ben Salah;Appartement standing;GT;2012;1295;169
Fquih Ben Salah;Appartement standing;GT;2013;1352;177
Fquih Ben Salah;Appartement standing;GT;2014;1450;190
Fquih Ben Salah;Appartement standing;GT;2015;1533;201
Fquih Ben Salah;Appartement standing;GT;2016;1581;207
Fquih Ben Salah;Appartement standing;GT;2017;1636;214
Fquih Ben Salah;Appartement standing;GT;2018;1661;217
Fquih Ben Salah;Appartement standing;GT;2019;1734;227
Fquih Ben Salah;Appartement standing;MT;2001;532;100
Fquih Ben Salah;Appartement standing;MT;2002;553;104
Fquih Ben Salah;Appartement standing;MT;2003;571;107
Fquih Ben Salah;Appartement standing;MT;2004;612;115
Fquih Ben Salah;Appartement standing;MT;2005;656;123
Fquih Ben Salah;Appartement standing;MT;2006;674;127
Fquih Ben Salah;Appartement standing;MT;2007;709;133
Fquih Ben Salah;Appartement standing;MT;2008;747;140
Fquih Ben Salah;Appartement standing;MT;2009;796;150
Fquih Ben Salah;Appartement standing;MT;2010;855;161
Fquih Ben Salah;Appartement standing;MT;2011;917;173
Fquih Ben Salah;Appartement standing;MT;2012;981;184
Fquih Ben Salah;Appartement standing;MT;2013;1034;194
Fquih Ben Salah;Appartement standing;MT;2014;1103;207
Fquih Ben Salah;Appartement standing;MT;2015;1160;218
Fquih Ben Salah;Appartement standing;MT;2016;1199;226
Fquih Ben Salah;Appartement standing;MT;2017;1244;234
Fquih Ben Salah;Appartement standing;MT;2018;1269;239
Fquih Ben Salah;Appartement standing;MT;2019;1326;250
Fquih Ben Salah;Appartement standing;PT;2001;369;100
Fquih Ben Salah;Appartement standing;PT;2002;397;108
Fquih Ben Salah;Appartement standing;PT;2003;428;116
Fquih Ben Salah;Appartement standing;PT;2004;451;122
Fquih Ben Salah;Appartement standing;PT;2005;473;128
Fquih Ben Salah;Appartement standing;PT;2006;495;134
Fquih Ben Salah;Appartement standing;PT;2007;522;142
Fquih Ben Salah;Appartement standing;PT;2008;551;149
Fquih Ben Salah;Appartement standing;PT;2009;581;157
Fquih Ben Salah;Appartement standing;PT;2010;625;169
Fquih Ben Salah;Appartement standing;PT;2011;668;181
Fquih Ben Salah;Appartement standing;PT;2012;716;194
Fquih Ben Salah;Appartement standing;PT;2013;748;203
Fquih Ben Salah;Appartement standing;PT;2014;798;216
Fquih Ben Salah;Appartement standing;PT;2015;833;226
Fquih Ben Salah;Appartement standing;PT;2016;861;233
Fquih Ben Salah;Appartement standing;PT;2017;894;242
Fquih Ben Salah;Appartement standing;PT;2018;910;247
Fquih Ben Salah;Appartement standing;PT;2019;953;258
Fquih Ben Salah;Appartement économique;APE;2001;573;100
Fquih Ben Salah;Appartement économique;APE;2002;578;101
Fquih Ben Salah;Appartement économique;APE;2003;586;102
Fquih Ben Salah;Appartement économique;APE;2004;592;104
Fquih Ben Salah;Appartement économique;APE;2005;590;104
Fquih Ben Salah;Appartement économique;APE;2006;586;103
Fquih Ben Salah;Appartement économique;APE;2007;596;105
Fquih Ben Salah;Appartement économique;APE;2008;603;107
Fquih Ben Salah;Appartement économique;APE;2009;617;109
Fquih Ben Salah;Appartement économique;APE;2010;618;109
Fquih Ben Salah;Appartement économique;APE;2011;617;109
Fquih Ben Salah;Appartement économique;APE;2012;618;109
Fquih Ben Salah;Appartement économique;APE;2013;619;109
Fquih Ben Salah;Appartement économique;APE;2014;620;109
Fquih Ben Salah;Appartement économique;APE;2015;600;110
Fquih Ben Salah;Appartement économique;APE;2016;616;112
Fquih Ben Salah;Appartement économique;APE;2017;628;115
Fquih Ben Salah;Appartement économique;APE;2018;650;119
Fquih Ben Salah;Appartement économique;APE;2019;671;123
Fquih Ben Salah;Appartement économique;GT;2001;747;100
Fquih Ben Salah;Appartement économique;GT;2002;755;101
Fquih Ben Salah;Appartement économique;GT;2003;740;99
Fquih Ben Salah;Appartement économique;GT;2004;699;93
Fquih Ben Salah;Appartement économique;GT;2005;673;90
Fquih Ben Salah;Appartement économique;GT;2006;667;89
Fquih Ben Salah;Appartement économique;GT;2007;660;88
Fquih Ben Salah;Appartement économique;GT;2008;663;89
Fquih Ben Salah;Appartement économique;GT;2009;668;89
Fquih Ben Salah;Appartement économique;GT;2010;680;91
Fquih Ben Salah;Appartement économique;GT;2011;684;92
Fquih Ben Salah;Appartement économique;GT;2012;695;93
Fquih Ben Salah;Appartement économique;GT;2013;706;95
Fquih Ben Salah;Appartement économique;GT;2014;718;96
Fquih Ben Salah;Appartement économique;GT;2015;729;98
Fquih Ben Salah;Appartement économique;GT;2016;754;101
Fquih Ben Salah;Appartement économique;GT;2017;774;104
Fquih Ben Salah;Appartement économique;GT;2018;806;108
Fquih Ben Salah;Appartement économique;GT;2019;840;112
Fquih Ben Salah;Appartement économique;MT;2001;559;100
Fquih Ben Salah;Appartement économique;MT;2002;563;101
Fquih Ben Salah;Appartement économique;MT;2003;584;105
Fquih Ben Salah;Appartement économique;MT;2004;607;109
Fquih Ben Salah;Appartement économique;MT;2005;609;109
Fquih Ben Salah;Appartement économique;MT;2006;604;108
Fquih Ben Salah;Appartement économique;MT;2007;621;111
Fquih Ben Salah;Appartement économique;MT;2008;628;112
Fquih Ben Salah;Appartement économique;MT;2009;644;115
Fquih Ben Salah;Appartement économique;MT;2010;641;115
Fquih Ben Salah;Appartement économique;MT;2011;639;114
Fquih Ben Salah;Appartement économique;MT;2012;636;114
Fquih Ben Salah;Appartement économique;MT;2013;634;113
Fquih Ben Salah;Appartement économique;MT;2014;631;113
Fquih Ben Salah;Appartement économique;MT;2015;628;112
Fquih Ben Salah;Appartement économique;MT;2016;638;114
Fquih Ben Salah;Appartement économique;MT;2017;646;115
Fquih Ben Salah;Appartement économique;MT;2018;662;118
Fquih Ben Salah;Appartement économique;MT;2019;683;122
Fquih Ben Salah;Appartement économique;PT;2001;404;100
Fquih Ben Salah;Appartement économique;PT;2002;403;100
Fquih Ben Salah;Appartement économique;PT;2003;397;98
Fquih Ben Salah;Appartement économique;PT;2004;403;100
Fquih Ben Salah;Appartement économique;PT;2005;417;103
Fquih Ben Salah;Appartement économique;PT;2006;413;102
Fquih Ben Salah;Appartement économique;PT;2007;425;105
Fquih Ben Salah;Appartement économique;PT;2008;436;108
Fquih Ben Salah;Appartement économique;PT;2009;451;112
Fquih Ben Salah;Appartement économique;PT;2010;451;112
Fquih Ben Salah;Appartement économique;PT;2011;451;112
Fquih Ben Salah;Appartement économique;PT;2012;451;112
Fquih Ben Salah;Appartement économique;PT;2013;452;112
Fquih Ben Salah;Appartement économique;PT;2014;452;112
Fquih Ben Salah;Appartement économique;PT;2015;452;112
Fquih Ben Salah;Appartement économique;PT;2016;472;117
Fquih Ben Salah;Appartement économique;PT;2017;490;121
Fquih Ben Salah;Appartement économique;PT;2018;515;128
Fquih Ben Salah;Appartement économique;PT;2019;528;131
Fquih Ben Salah;Maison sur lot économique;GT;2001;749;100
Fquih Ben Salah;Maison sur lot économique;GT;2002;764;102
Fquih Ben Salah;Maison sur lot économique;GT;2003;773;103
Fquih Ben Salah;Maison sur lot économique;GT;2004;770;103
Fquih Ben Salah;Maison sur lot économique;GT;2005;770;103
Fquih Ben Salah;Maison sur lot économique;GT;2006;770;103
Fquih Ben Salah;Maison sur lot économique;GT;2007;774;103
Fquih Ben Salah;Maison sur lot économique;GT;2008;773;103
Fquih Ben Salah;Maison sur lot économique;GT;2009;784;105
Fquih Ben Salah;Maison sur lot économique;GT;2010;786;105
Fquih Ben Salah;Maison sur lot économique;GT;2011;780;104
Fquih Ben Salah;Maison sur lot économique;GT;2012;776;104
Fquih Ben Salah;Maison sur lot économique;GT;2013;779;104
Fquih Ben Salah;Maison sur lot économique;GT;2014;775;104
Fquih Ben Salah;Maison sur lot économique;GT;2015;773;103
Fquih Ben Salah;Maison sur lot économique;GT;2016;786;105
Fquih Ben Salah;Maison sur lot économique;GT;2017;796;106
Fquih Ben Salah;Maison sur lot économique;GT;2018;817;109
Fquih Ben Salah;Maison sur lot économique;GT;2019;866;116
Fquih Ben Salah;Maison sur lot économique;MLE;2001;684;100
Fquih Ben Salah;Maison sur lot économique;MLE;2002;689;101
Fquih Ben Salah;Maison sur lot économique;MLE;2003;692;101
Fquih Ben Salah;Maison sur lot économique;MLE;2004;690;101
Fquih Ben Salah;Maison sur lot économique;MLE;2005;679;100
Fquih Ben Salah;Maison sur lot économique;MLE;2006;663;98
Fquih Ben Salah;Maison sur lot économique;MLE;2007;662;97
Fquih Ben Salah;Maison sur lot économique;MLE;2008;665;98
Fquih Ben Salah;Maison sur lot économique;MLE;2009;669;99
Fquih Ben Salah;Maison sur lot économique;MLE;2010;670;99
Fquih Ben Salah;Maison sur lot économique;MLE;2011;674;99
Fquih Ben Salah;Maison sur lot économique;MLE;2012;677;100
Fquih Ben Salah;Maison sur lot économique;MLE;2013;683;101
Fquih Ben Salah;Maison sur lot économique;MLE;2014;687;102
Fquih Ben Salah;Maison sur lot économique;MLE;2015;674;104
Fquih Ben Salah;Maison sur lot économique;MLE;2016;686;106
Fquih Ben Salah;Maison sur lot économique;MLE;2017;693;107
Fquih Ben Salah;Maison sur lot économique;MLE;2018;721;111
Fquih Ben Salah;Maison sur lot économique;MLE;2019;724;111
Fquih Ben Salah;Maison sur lot économique;MT;2001;727;100
Fquih Ben Salah;Maison sur lot économique;MT;2002;728;100
Fquih Ben Salah;Maison sur lot économique;MT;2003;727;100
Fquih Ben Salah;Maison sur lot économique;MT;2004;728;100
Fquih Ben Salah;Maison sur lot économique;MT;2005;706;97
Fquih Ben Salah;Maison sur lot économique;MT;2006;679;93
Fquih Ben Salah;Maison sur lot économique;MT;2007;673;93
Fquih Ben Salah;Maison sur lot économique;MT;2008;676;93
Fquih Ben Salah;Maison sur lot économique;MT;2009;681;94
Fquih Ben Salah;Maison sur lot économique;MT;2010;679;93
Fquih Ben Salah;Maison sur lot économique;MT;2011;685;94
Fquih Ben Salah;Maison sur lot économique;MT;2012;690;95
Fquih Ben Salah;Maison sur lot économique;MT;2013;695;96
Fquih Ben Salah;Maison sur lot économique;MT;2014;700;96
Fquih Ben Salah;Maison sur lot économique;MT;2015;706;97
Fquih Ben Salah;Maison sur lot économique;MT;2016;720;99
Fquih Ben Salah;Maison sur lot économique;MT;2017;729;100
Fquih Ben Salah;Maison sur lot économique;MT;2018;760;105
Fquih Ben Salah;Maison sur lot économique;MT;2019;756;104
Fquih Ben Salah;Maison sur lot économique;PT;2001;441;100
Fquih Ben Salah;Maison sur lot économique;PT;2002;451;102
Fquih Ben Salah;Maison sur lot économique;PT;2003;455;103
Fquih Ben Salah;Maison sur lot économique;PT;2004;445;101
Fquih Ben Salah;Maison sur lot économique;PT;2005;459;104
Fquih Ben Salah;Maison sur lot économique;PT;2006;468;106
Fquih Ben Salah;Maison sur lot économique;PT;2007;477;108
Fquih Ben Salah;Maison sur lot économique;PT;2008;484;110
Fquih Ben Salah;Maison sur lot économique;PT;2009;480;109
Fquih Ben Salah;Maison sur lot économique;PT;2010;488;111
Fquih Ben Salah;Maison sur lot économique;PT;2011;496;112
Fquih Ben Salah;Maison sur lot économique;PT;2012;504;114
Fquih Ben Salah;Maison sur lot économique;PT;2013;513;116
Fquih Ben Salah;Maison sur lot économique;PT;2014;521;118
Fquih Ben Salah;Maison sur lot économique;PT;2015;530;120
Fquih Ben Salah;Maison sur lot économique;PT;2016;537;122
Fquih Ben Salah;Maison sur lot économique;PT;2017;539;122
Fquih Ben Salah;Maison sur lot économique;PT;2018;564;128
Fquih Ben Salah;Maison sur lot économique;PT;2019;553;125
Fquih Ben Salah;Total ville;MLE;2001;631;100
Fquih Ben Salah;Total ville;MLE;2002;636;101
Fquih Ben Salah;Total ville;MLE;2003;642;102
Fquih Ben Salah;Total ville;MLE;2004;645;103
Fquih Ben Salah;Total ville;MLE;2005;639;102
Fquih Ben Salah;Total ville;MLE;2006;630;101
Fquih Ben Salah;Total ville;MLE;2007;635;102
Fquih Ben Salah;Total ville;MLE;2008;641;103
Fquih Ben Salah;Total ville;MLE;2009;650;104
Fquih Ben Salah;Total ville;MLE;2010;652;105
Fquih Ben Salah;Total ville;MLE;2011;654;105
Fquih Ben Salah;Total ville;MLE;2012;656;105
Fquih Ben Salah;Total ville;MLE;2013;660;106
Fquih Ben Salah;Total ville;MLE;2014;663;106
Fquih Ben Salah;Total ville;MLE;2015;691;108
Fquih Ben Salah;Total ville;MLE;2016;706;111
Fquih Ben Salah;Total ville;MLE;2017;716;112
Fquih Ben Salah;Total ville;MLE;2018;743;116
Fquih Ben Salah;Total ville;MLE;2019;751;118
Fquih Ben Salah;Villa;GT;2001;1519;100
Fquih Ben Salah;Villa;GT;2002;1606;106
Fquih Ben Salah;Villa;GT;2003;1700;112
Fquih Ben Salah;Villa;GT;2004;1799;118
Fquih Ben Salah;Villa;GT;2005;1898;125
Fquih Ben Salah;Villa;GT;2006;1946;128
Fquih Ben Salah;Villa;GT;2007;2047;135
Fquih Ben Salah;Villa;GT;2008;2169;143
Fquih Ben Salah;Villa;GT;2009;2194;144
Fquih Ben Salah;Villa;GT;2010;2264;149
Fquih Ben Salah;Villa;GT;2011;2289;151
Fquih Ben Salah;Villa;GT;2012;2315;152
Fquih Ben Salah;Villa;GT;2013;2341;154
Fquih Ben Salah;Villa;GT;2014;2366;156
Fquih Ben Salah;Villa;GT;2015;2392;157
Fquih Ben Salah;Villa;GT;2016;2417;159
Fquih Ben Salah;Villa;GT;2017;2450;161
Fquih Ben Salah;Villa;GT;2018;2450;161
Fquih Ben Salah;Villa;GT;2019;2500;165
Fquih Ben Salah;Villa;MT;2001;912;100
Fquih Ben Salah;Villa;MT;2002;969;106
Fquih Ben Salah;Villa;MT;2003;1000;110
Fquih Ben Salah;Villa;MT;2004;1042;114
Fquih Ben Salah;Villa;MT;2005;1065;117
Fquih Ben Salah;Villa;MT;2006;1087;119
Fquih Ben Salah;Villa;MT;2007;1110;122
Fquih Ben Salah;Villa;MT;2008;1156;127
Fquih Ben Salah;Villa;MT;2009;1192;131
Fquih Ben Salah;Villa;MT;2010;1241;136
Fquih Ben Salah;Villa;MT;2011;1267;139
Fquih Ben Salah;Villa;MT;2012;1293;142
Fquih Ben Salah;Villa;MT;2013;1319;145
Fquih Ben Salah;Villa;MT;2014;1391;152
Fquih Ben Salah;Villa;MT;2015;1476;162
Fquih Ben Salah;Villa;MT;2016;1522;167
Fquih Ben Salah;Villa;MT;2017;1574;173
Fquih Ben Salah;Villa;MT;2018;1606;176
Fquih Ben Salah;Villa;MT;2019;1717;188
Fquih Ben Salah;Villa;PT;2001;711;100
Fquih Ben Salah;Villa;PT;2002;753;106
Fquih Ben Salah;Villa;PT;2003;794;112
Fquih Ben Salah;Villa;PT;2004;843;119
Fquih Ben Salah;Villa;PT;2005;873;123
Fquih Ben Salah;Villa;PT;2006;887;125
Fquih Ben Salah;Villa;PT;2007;907;127
Fquih Ben Salah;Villa;PT;2008;953;134
Fquih Ben Salah;Villa;PT;2009;987;139
Fquih Ben Salah;Villa;PT;2010;1047;147
Fquih Ben Salah;Villa;PT;2011;1072;151
Fquih Ben Salah;Villa;PT;2012;1078;152
Fquih Ben Salah;Villa;PT;2013;1099;155
Fquih Ben Salah;Villa;PT;2014;1121;158
Fquih Ben Salah;Villa;PT;2015;1165;164
Fquih Ben Salah;Villa;PT;2016;1226;172
Fquih Ben Salah;Villa;PT;2017;1294;182
Fquih Ben Salah;Villa;PT;2018;1344;189
Fquih Ben Salah;Villa;PT;2019;1450;204
Fquih Ben Salah;Villa;VIL;2001;970;100
Fquih Ben Salah;Villa;VIL;2002;1027;106
Fquih Ben Salah;Villa;VIL;2003;1077;111
Fquih Ben Salah;Villa;VIL;2004;1134;117
Fquih Ben Salah;Villa;VIL;2005;1177;121
Fquih Ben Salah;Villa;VIL;2006;1202;123
Fquih Ben Salah;Villa;VIL;2007;1242;127
Fquih Ben Salah;Villa;VIL;2008;1305;133
Fquih Ben Salah;Villa;VIL;2009;1337;137
Fquih Ben Salah;Villa;VIL;2010;1395;143
Fquih Ben Salah;Villa;VIL;2011;1421;146
Fquih Ben Salah;Villa;VIL;2012;1439;148
Fquih Ben Salah;Villa;VIL;2013;1463;151
Fquih Ben Salah;Villa;VIL;2014;1504;155
Fquih Ben Salah;Villa;VIL;2015;1450;162
Fquih Ben Salah;Villa;VIL;2016;1500;168
Fquih Ben Salah;Villa;VIL;2017;1557;175
Fquih Ben Salah;Villa;VIL;2018;1593;180
Fquih Ben Salah;Villa;VIL;2019;1695;192
Khouribga;Appartement standing;APS;2001;730;100
Khouribga;Appartement standing;APS;2002;750;103
Khouribga;Appartement standing;APS;2003;767;105
Khouribga;Appartement standing;APS;2004;802;110
Khouribga;Appartement standing;APS;2005;839;115
Khouribga;Appartement standing;APS;2006;851;117
Khouribga;Appartement standing;APS;2007;880;121
Khouribga;Appartement standing;APS;2008;913;126
Khouribga;Appartement standing;APS;2009;957;132
Khouribga;Appartement standing;APS;2010;1013;139
Khouribga;Appartement standing;APS;2011;1071;147
Khouribga;Appartement standing;APS;2012;1127;155
Khouribga;Appartement standing;APS;2013;1170;161
Khouribga;Appartement standing;APS;2014;1233;170
Khouribga;Appartement standing;APS;2015;1280;175
Khouribga;Appartement standing;APS;2016;1316;181
Khouribga;Appartement standing;APS;2017;1352;186
Khouribga;Appartement standing;APS;2018;1392;191
Khouribga;Appartement standing;APS;2019;1428;196
Khouribga;Appartement standing;GT;2001;997;100
Khouribga;Appartement standing;GT;2002;1032;103
Khouribga;Appartement standing;GT;2003;1054;106
Khouribga;Appartement standing;GT;2004;1078;108
Khouribga;Appartement standing;GT;2005;1093;110
Khouribga;Appartement standing;GT;2006;1105;111
Khouribga;Appartement standing;GT;2007;1118;112
Khouribga;Appartement standing;GT;2008;1165;117
Khouribga;Appartement standing;GT;2009;1230;123
Khouribga;Appartement standing;GT;2010;1296;130
Khouribga;Appartement standing;GT;2011;1367;137
Khouribga;Appartement standing;GT;2012;1408;141
Khouribga;Appartement standing;GT;2013;1451;145
Khouribga;Appartement standing;GT;2014;1536;154
Khouribga;Appartement standing;GT;2015;1604;161
Khouribga;Appartement standing;GT;2016;1653;166
Khouribga;Appartement standing;GT;2017;1701;171
Khouribga;Appartement standing;GT;2018;1757;176
Khouribga;Appartement standing;GT;2019;1803;181
Khouribga;Appartement standing;MT;2001;756;100
Khouribga;Appartement standing;MT;2002;771;102
Khouribga;Appartement standing;MT;2003;782;103
Khouribga;Appartement standing;MT;2004;822;109
Khouribga;Appartement standing;MT;2005;866;115
Khouribga;Appartement standing;MT;2006;876;116
Khouribga;Appartement standing;MT;2007;907;120
Khouribga;Appartement standing;MT;2008;940;124
Khouribga;Appartement standing;MT;2009;987;131
Khouribga;Appartement standing;MT;2010;1045;138
Khouribga;Appartement standing;MT;2011;1105;146
Khouribga;Appartement standing;MT;2012;1165;154
Khouribga;Appartement standing;MT;2013;1212;160
Khouribga;Appartement standing;MT;2014;1277;169
Khouribga;Appartement standing;MT;2015;1326;175
Khouribga;Appartement standing;MT;2016;1358;180
Khouribga;Appartement standing;MT;2017;1392;184
Khouribga;Appartement standing;MT;2018;1419;188
Khouribga;Appartement standing;MT;2019;1457;193
Khouribga;Appartement standing;PT;2001;561;100
Khouribga;Appartement standing;PT;2002;592;106
Khouribga;Appartement standing;PT;2003;627;112
Khouribga;Appartement standing;PT;2004;650;116
Khouribga;Appartement standing;PT;2005;669;119
Khouribga;Appartement standing;PT;2006;690;123
Khouribga;Appartement standing;PT;2007;716;128
Khouribga;Appartement standing;PT;2008;744;133
Khouribga;Appartement standing;PT;2009;773;138
Khouribga;Appartement standing;PT;2010;820;146
Khouribga;Appartement standing;PT;2011;865;154
Khouribga;Appartement standing;PT;2012;915;163
Khouribga;Appartement standing;PT;2013;944;168
Khouribga;Appartement standing;PT;2014;994;177
Khouribga;Appartement standing;PT;2015;1026;183
Khouribga;Appartement standing;PT;2016;1065;190
Khouribga;Appartement standing;PT;2017;1100;196
Khouribga;Appartement standing;PT;2018;1155;206
Khouribga;Appartement standing;PT;2019;1182;211
Khouribga;Appartement économique;APE;2001;433;100
Khouribga;Appartement économique;APE;2002;447;103
Khouribga;Appartement économique;APE;2003;465;108
Khouribga;Appartement économique;APE;2004;481;112
Khouribga;Appartement économique;APE;2005;493;115
Khouribga;Appartement économique;APE;2006;501;117
Khouribga;Appartement économique;APE;2007;523;122
Khouribga;Appartement économique;APE;2008;543;127
Khouribga;Appartement économique;APE;2009;569;133
Khouribga;Appartement économique;APE;2010;584;137
Khouribga;Appartement économique;APE;2011;598;140
Khouribga;Appartement économique;APE;2012;614;143
Khouribga;Appartement économique;APE;2013;630;147
Khouribga;Appartement économique;APE;2014;647;151
Khouribga;Appartement économique;APE;2015;649;155
Khouribga;Appartement économique;APE;2016;675;162
Khouribga;Appartement économique;APE;2017;705;169
Khouribga;Appartement économique;APE;2018;723;173
Khouribga;Appartement économique;APE;2019;761;182
Khouribga;Appartement économique;GT;2001;536;100
Khouribga;Appartement économique;GT;2002;556;104
Khouribga;Appartement économique;GT;2003;560;104
Khouribga;Appartement économique;GT;2004;542;101
Khouribga;Appartement économique;GT;2005;536;100
Khouribga;Appartement économique;GT;2006;545;102
Khouribga;Appartement économique;GT;2007;554;103
Khouribga;Appartement économique;GT;2008;570;106
Khouribga;Appartement économique;GT;2009;589;110
Khouribga;Appartement économique;GT;2010;614;115
Khouribga;Appartement économique;GT;2011;634;118
Khouribga;Appartement économique;GT;2012;660;123
Khouribga;Appartement économique;GT;2013;688;128
Khouribga;Appartement économique;GT;2014;716;134
Khouribga;Appartement économique;GT;2015;746;139
Khouribga;Appartement économique;GT;2016;783;146
Khouribga;Appartement économique;GT;2017;825;154
Khouribga;Appartement économique;GT;2018;853;159
Khouribga;Appartement économique;GT;2019;904;169
Khouribga;Appartement économique;MT;2001;419;100
Khouribga;Appartement économique;MT;2002;434;103
Khouribga;Appartement économique;MT;2003;462;110
Khouribga;Appartement économique;MT;2004;492;117
Khouribga;Appartement économique;MT;2005;506;121
Khouribga;Appartement économique;MT;2006;515;123
Khouribga;Appartement économique;MT;2007;543;129
Khouribga;Appartement économique;MT;2008;563;134
Khouribga;Appartement économique;MT;2009;591;141
Khouribga;Appartement économique;MT;2010;604;144
Khouribga;Appartement économique;MT;2011;616;147
Khouribga;Appartement économique;MT;2012;629;150
Khouribga;Appartement économique;MT;2013;642;153
Khouribga;Appartement économique;MT;2014;654;156
Khouribga;Appartement économique;MT;2015;667;159
Khouribga;Appartement économique;MT;2016;689;164
Khouribga;Appartement économique;MT;2017;714;170
Khouribga;Appartement économique;MT;2018;726;173
Khouribga;Appartement économique;MT;2019;759;181
Khouribga;Appartement économique;PT;2001;348;100
Khouribga;Appartement économique;PT;2002;356;102
Khouribga;Appartement économique;PT;2003;360;104
Khouribga;Appartement économique;PT;2004;376;108
Khouribga;Appartement économique;PT;2005;398;115
Khouribga;Appartement économique;PT;2006;405;116
Khouribga;Appartement économique;PT;2007;427;123
Khouribga;Appartement économique;PT;2008;449;129
Khouribga;Appartement économique;PT;2009;477;137
Khouribga;Appartement économique;PT;2010;489;140
Khouribga;Appartement économique;PT;2011;501;144
Khouribga;Appartement économique;PT;2012;514;148
Khouribga;Appartement économique;PT;2013;526;151
Khouribga;Appartement économique;PT;2014;539;155
Khouribga;Appartement économique;PT;2015;553;159
Khouribga;Appartement économique;PT;2016;581;167
Khouribga;Appartement économique;PT;2017;612;176
Khouribga;Appartement économique;PT;2018;633;182
Khouribga;Appartement économique;PT;2019;671;193
Khouribga;Maison sur lot économique;GT;2001;588;100
Khouribga;Maison sur lot économique;GT;2002;616;105
Khouribga;Maison sur lot économique;GT;2003;640;109
Khouribga;Maison sur lot économique;GT;2004;654;111
Khouribga;Maison sur lot économique;GT;2005;670;114
Khouribga;Maison sur lot économique;GT;2006;687;117
Khouribga;Maison sur lot économique;GT;2007;708;120
Khouribga;Maison sur lot économique;GT;2008;726;123
Khouribga;Maison sur lot économique;GT;2009;754;128
Khouribga;Maison sur lot économique;GT;2010;775;132
Khouribga;Maison sur lot économique;GT;2011;789;134
Khouribga;Maison sur lot économique;GT;2012;804;137
Khouribga;Maison sur lot économique;GT;2013;826;140
Khouribga;Maison sur lot économique;GT;2014;842;143
Khouribga;Maison sur lot économique;GT;2015;861;146
Khouribga;Maison sur lot économique;GT;2016;900;153
Khouribga;Maison sur lot économique;GT;2017;944;160
Khouribga;Maison sur lot économique;GT;2018;971;165
Khouribga;Maison sur lot économique;GT;2019;1025;174
Khouribga;Maison sur lot économique;MLE;2001;500;100
Khouribga;Maison sur lot économique;MLE;2002;517;104
Khouribga;Maison sur lot économique;MLE;2003;533;107
Khouribga;Maison sur lot économique;MLE;2004;545;109
Khouribga;Maison sur lot économique;MLE;2005;551;111
Khouribga;Maison sur lot économique;MLE;2006;554;111
Khouribga;Maison sur lot économique;MLE;2007;568;114
Khouribga;Maison sur lot économique;MLE;2008;585;118
Khouribga;Maison sur lot économique;MLE;2009;603;121
Khouribga;Maison sur lot économique;MLE;2010;620;125
Khouribga;Maison sur lot économique;MLE;2011;638;128
Khouribga;Maison sur lot économique;MLE;2012;657;132
Khouribga;Maison sur lot économique;MLE;2013;679;137
Khouribga;Maison sur lot économique;MLE;2014;699;141
Khouribga;Maison sur lot économique;MLE;2015;703;150
Khouribga;Maison sur lot économique;MLE;2016;743;158
Khouribga;Maison sur lot économique;MLE;2017;788;167
Khouribga;Maison sur lot économique;MLE;2018;819;173
Khouribga;Maison sur lot économique;MLE;2019;872;184
Khouribga;Maison sur lot économique;MT;2001;510;100
Khouribga;Maison sur lot économique;MT;2002;524;103
Khouribga;Maison sur lot économique;MT;2003;537;105
Khouribga;Maison sur lot économique;MT;2004;551;108
Khouribga;Maison sur lot économique;MT;2005;548;108
Khouribga;Maison sur lot économique;MT;2006;540;106
Khouribga;Maison sur lot économique;MT;2007;549;108
Khouribga;Maison sur lot économique;MT;2008;565;111
Khouribga;Maison sur lot économique;MT;2009;583;114
Khouribga;Maison sur lot économique;MT;2010;596;117
Khouribga;Maison sur lot économique;MT;2011;616;121
Khouribga;Maison sur lot économique;MT;2012;636;125
Khouribga;Maison sur lot économique;MT;2013;656;129
Khouribga;Maison sur lot économique;MT;2014;677;133
Khouribga;Maison sur lot économique;MT;2015;698;137
Khouribga;Maison sur lot économique;MT;2016;753;148
Khouribga;Maison sur lot économique;MT;2017;812;159
Khouribga;Maison sur lot économique;MT;2018;857;168
Khouribga;Maison sur lot économique;MT;2019;926;182
Khouribga;Maison sur lot économique;PT;2001;362;100
Khouribga;Maison sur lot économique;PT;2002;379;105
Khouribga;Maison sur lot économique;PT;2003;393;109
Khouribga;Maison sur lot économique;PT;2004;394;109
Khouribga;Maison sur lot économique;PT;2005;418;116
Khouribga;Maison sur lot économique;PT;2006;437;121
Khouribga;Maison sur lot économique;PT;2007;456;126
Khouribga;Maison sur lot économique;PT;2008;475;131
Khouribga;Maison sur lot économique;PT;2009;483;134
Khouribga;Maison sur lot économique;PT;2010;503;139
Khouribga;Maison sur lot économique;PT;2011;525;145
Khouribga;Maison sur lot économique;PT;2012;547;151
Khouribga;Maison sur lot économique;PT;2013;569;157
Khouribga;Maison sur lot économique;PT;2014;593;164
Khouribga;Maison sur lot économique;PT;2015;618;171
Khouribga;Maison sur lot économique;PT;2016;637;176
Khouribga;Maison sur lot économique;PT;2017;660;183
Khouribga;Maison sur lot économique;PT;2018;671;186
Khouribga;Maison sur lot économique;PT;2019;701;194
Khouribga;Total ville;MLE;2001;479;100
Khouribga;Total ville;MLE;2002;496;103
Khouribga;Total ville;MLE;2003;513;107
Khouribga;Total ville;MLE;2004;528;110
Khouribga;Total ville;MLE;2005;538;113
Khouribga;Total ville;MLE;2006;544;114
Khouribga;Total ville;MLE;2007;562;118
Khouribga;Total ville;MLE;2008;581;122
Khouribga;Total ville;MLE;2009;604;127
Khouribga;Total ville;MLE;2010;621;131
Khouribga;Total ville;MLE;2011;638;134
Khouribga;Total ville;MLE;2012;656;138
Khouribga;Total ville;MLE;2013;675;142
Khouribga;Total ville;MLE;2014;694;146
Khouribga;Total ville;MLE;2015;745;151
Khouribga;Total ville;MLE;2016;784;159
Khouribga;Total ville;MLE;2017;825;167
Khouribga;Total ville;MLE;2018;855;173
Khouribga;Total ville;MLE;2019;905;184
Khouribga;Villa;GT;2001;1852;100
Khouribga;Villa;GT;2002;1944;105
Khouribga;Villa;GT;2003;2043;110
Khouribga;Villa;GT;2004;2146;116
Khouribga;Villa;GT;2005;2249;121
Khouribga;Villa;GT;2006;2290;124
Khouribga;Villa;GT;2007;2393;129
Khouribga;Villa;GT;2008;2518;136
Khouribga;Villa;GT;2009;2531;137
Khouribga;Villa;GT;2010;2594;140
Khouribga;Villa;GT;2011;2607;141
Khouribga;Villa;GT;2012;2619;141
Khouribga;Villa;GT;2013;2632;142
Khouribga;Villa;GT;2014;2645;143
Khouribga;Villa;GT;2015;2657;143
Khouribga;Villa;GT;2016;2698;146
Khouribga;Villa;GT;2017;2736;148
Khouribga;Villa;GT;2018;2784;150
Khouribga;Villa;GT;2019;2819;152
Khouribga;Villa;MT;2001;1158;100
Khouribga;Villa;MT;2002;1222;106
Khouribga;Villa;MT;2003;1252;108
Khouribga;Villa;MT;2004;1296;112
Khouribga;Villa;MT;2005;1315;114
Khouribga;Villa;MT;2006;1334;115
Khouribga;Villa;MT;2007;1353;117
Khouribga;Villa;MT;2008;1400;121
Khouribga;Villa;MT;2009;1435;124
Khouribga;Villa;MT;2010;1484;128
Khouribga;Villa;MT;2011;1506;130
Khouribga;Villa;MT;2012;1528;132
Khouribga;Villa;MT;2013;1550;134
Khouribga;Villa;MT;2014;1625;140
Khouribga;Villa;MT;2015;1714;148
Khouribga;Villa;MT;2016;1742;150
Khouribga;Villa;MT;2017;1774;153
Khouribga;Villa;MT;2018;1793;155
Khouribga;Villa;MT;2019;1832;158
Khouribga;Villa;PT;2001;763;100
Khouribga;Villa;PT;2002;802;105
Khouribga;Villa;PT;2003;840;110
Khouribga;Villa;PT;2004;886;116
Khouribga;Villa;PT;2005;911;119
Khouribga;Villa;PT;2006;919;120
Khouribga;Villa;PT;2007;933;122
Khouribga;Villa;PT;2008;973;128
Khouribga;Villa;PT;2009;1002;131
Khouribga;Villa;PT;2010;1056;138
Khouribga;Villa;PT;2011;1074;141
Khouribga;Villa;PT;2012;1073;141
Khouribga;Villa;PT;2013;1088;142
Khouribga;Villa;PT;2014;1102;144
Khouribga;Villa;PT;2015;1139;149
Khouribga;Villa;PT;2016;1170;153
Khouribga;Villa;PT;2017;1196;157
Khouribga;Villa;PT;2018;1246;163
Khouribga;Villa;PT;2019;1261;165
Khouribga;Villa;VIL;2001;1209;100
Khouribga;Villa;VIL;2002;1272;105
Khouribga;Villa;VIL;2003;1323;109
Khouribga;Villa;VIL;2004;1383;114
Khouribga;Villa;VIL;2005;1425;117
Khouribga;Villa;VIL;2006;1447;119
Khouribga;Villa;VIL;2007;1486;122
Khouribga;Villa;VIL;2008;1551;127
Khouribga;Villa;VIL;2009;1578;130
Khouribga;Villa;VIL;2010;1633;135
Khouribga;Villa;VIL;2011;1651;136
Khouribga;Villa;VIL;2012;1663;137
Khouribga;Villa;VIL;2013;1680;139
Khouribga;Villa;VIL;2014;1719;142
Khouribga;Villa;VIL;2015;1639;148
Khouribga;Villa;VIL;2016;1670;151
Khouribga;Villa;VIL;2017;1701;154
Khouribga;Villa;VIL;2018;1734;157
Khouribga;Villa;VIL;2019;1764;160
Khénifra;Appartement standing;APS;2001;566;100
Khénifra;Appartement standing;APS;2002;580;103
Khénifra;Appartement standing;APS;2003;592;105
Khénifra;Appartement standing;APS;2004;621;110
Khénifra;Appartement standing;APS;2005;653;116
Khénifra;Appartement standing;APS;2006;662;117
Khénifra;Appartement standing;APS;2007;686;121
Khénifra;Appartement standing;APS;2008;711;126
Khénifra;Appartement standing;APS;2009;746;132
Khénifra;Appartement standing;APS;2010;790;140
Khénifra;Appartement standing;APS;2011;835;148
Khénifra;Appartement standing;APS;2012;882;156
Khénifra;Appartement standing;APS;2013;916;162
Khénifra;Appartement standing;APS;2014;966;171
Khénifra;Appartement standing;APS;2015;1006;177
Khénifra;Appartement standing;APS;2016;1037;183
Khénifra;Appartement standing;APS;2017;1065;188
Khénifra;Appartement standing;APS;2018;1103;194
Khénifra;Appartement standing;APS;2019;1129;199
Khénifra;Appartement standing;GT;2001;849;100
Khénifra;Appartement standing;GT;2002;879;104
Khénifra;Appartement standing;GT;2003;898;106
Khénifra;Appartement standing;GT;2004;919;108
Khénifra;Appartement standing;GT;2005;933;110
Khénifra;Appartement standing;GT;2006;943;111
Khénifra;Appartement standing;GT;2007;955;112
Khénifra;Appartement standing;GT;2008;994;117
Khénifra;Appartement standing;GT;2009;1050;124
Khénifra;Appartement standing;GT;2010;1108;130
Khénifra;Appartement standing;GT;2011;1168;138
Khénifra;Appartement standing;GT;2012;1204;142
Khénifra;Appartement standing;GT;2013;1241;146
Khénifra;Appartement standing;GT;2014;1314;155
Khénifra;Appartement standing;GT;2015;1372;162
Khénifra;Appartement standing;GT;2016;1404;165
Khénifra;Appartement standing;GT;2017;1439;169
Khénifra;Appartement standing;GT;2018;1465;173
Khénifra;Appartement standing;GT;2019;1505;177
Khénifra;Appartement standing;MT;2001;583;100
Khénifra;Appartement standing;MT;2002;595;102
Khénifra;Appartement standing;MT;2003;604;104
Khénifra;Appartement standing;MT;2004;635;109
Khénifra;Appartement standing;MT;2005;669;115
Khénifra;Appartement standing;MT;2006;677;116
Khénifra;Appartement standing;MT;2007;701;120
Khénifra;Appartement standing;MT;2008;727;125
Khénifra;Appartement standing;MT;2009;764;131
Khénifra;Appartement standing;MT;2010;809;139
Khénifra;Appartement standing;MT;2011;855;147
Khénifra;Appartement standing;MT;2012;903;155
Khénifra;Appartement standing;MT;2013;940;161
Khénifra;Appartement standing;MT;2014;990;170
Khénifra;Appartement standing;MT;2015;1029;176
Khénifra;Appartement standing;MT;2016;1062;182
Khénifra;Appartement standing;MT;2017;1092;187
Khénifra;Appartement standing;MT;2018;1137;195
Khénifra;Appartement standing;MT;2019;1161;199
Khénifra;Appartement standing;PT;2001;466;100
Khénifra;Appartement standing;PT;2002;493;106
Khénifra;Appartement standing;PT;2003;522;112
Khénifra;Appartement standing;PT;2004;541;116
Khénifra;Appartement standing;PT;2005;558;120
Khénifra;Appartement standing;PT;2006;575;123
Khénifra;Appartement standing;PT;2007;597;128
Khénifra;Appartement standing;PT;2008;621;133
Khénifra;Appartement standing;PT;2009;645;138
Khénifra;Appartement standing;PT;2010;684;147
Khénifra;Appartement standing;PT;2011;722;155
Khénifra;Appartement standing;PT;2012;764;164
Khénifra;Appartement standing;PT;2013;788;169
Khénifra;Appartement standing;PT;2014;831;178
Khénifra;Appartement standing;PT;2015;857;184
Khénifra;Appartement standing;PT;2016;878;188
Khénifra;Appartement standing;PT;2017;901;193
Khénifra;Appartement standing;PT;2018;920;197
Khénifra;Appartement standing;PT;2019;945;203
Khénifra;Appartement économique;APE;2001;444;100
Khénifra;Appartement économique;APE;2002;454;102
Khénifra;Appartement économique;APE;2003;468;106
Khénifra;Appartement économique;APE;2004;482;109
Khénifra;Appartement économique;APE;2005;488;111
Khénifra;Appartement économique;APE;2006;491;111
Khénifra;Appartement économique;APE;2007;508;115
Khénifra;Appartement économique;APE;2008;521;119
Khénifra;Appartement économique;APE;2009;541;123
Khénifra;Appartement économique;APE;2010;549;125
Khénifra;Appartement économique;APE;2011;556;127
Khénifra;Appartement économique;APE;2012;565;128
Khénifra;Appartement économique;APE;2013;573;130
Khénifra;Appartement économique;APE;2014;582;132
Khénifra;Appartement économique;APE;2015;577;135
Khénifra;Appartement économique;APE;2016;601;140
Khénifra;Appartement économique;APE;2017;626;147
Khénifra;Appartement économique;APE;2018;648;152
Khénifra;Appartement économique;APE;2019;684;160
Khénifra;Appartement économique;GT;2001;573;100
Khénifra;Appartement économique;GT;2002;587;102
Khénifra;Appartement économique;GT;2003;583;102
Khénifra;Appartement économique;GT;2004;558;97
Khénifra;Appartement économique;GT;2005;545;95
Khénifra;Appartement économique;GT;2006;548;96
Khénifra;Appartement économique;GT;2007;550;96
Khénifra;Appartement économique;GT;2008;561;98
Khénifra;Appartement économique;GT;2009;573;100
Khénifra;Appartement économique;GT;2010;591;103
Khénifra;Appartement économique;GT;2011;604;105
Khénifra;Appartement économique;GT;2012;622;109
Khénifra;Appartement économique;GT;2013;642;112
Khénifra;Appartement économique;GT;2014;662;115
Khénifra;Appartement économique;GT;2015;682;119
Khénifra;Appartement économique;GT;2016;714;125
Khénifra;Appartement économique;GT;2017;748;130
Khénifra;Appartement économique;GT;2018;777;135
Khénifra;Appartement économique;GT;2019;829;145
Khénifra;Appartement économique;MT;2001;434;100
Khénifra;Appartement économique;MT;2002;444;102
Khénifra;Appartement économique;MT;2003;467;108
Khénifra;Appartement économique;MT;2004;492;113
Khénifra;Appartement économique;MT;2005;501;115
Khénifra;Appartement économique;MT;2006;504;116
Khénifra;Appartement économique;MT;2007;526;121
Khénifra;Appartement économique;MT;2008;540;124
Khénifra;Appartement économique;MT;2009;561;129
Khénifra;Appartement économique;MT;2010;567;131
Khénifra;Appartement économique;MT;2011;573;132
Khénifra;Appartement économique;MT;2012;580;133
Khénifra;Appartement économique;MT;2013;586;135
Khénifra;Appartement économique;MT;2014;592;136
Khénifra;Appartement économique;MT;2015;598;138
Khénifra;Appartement économique;MT;2016;620;143
Khénifra;Appartement économique;MT;2017;642;148
Khénifra;Appartement économique;MT;2018;662;152
Khénifra;Appartement économique;MT;2019;696;160
Khénifra;Appartement économique;PT;2001;325;100
Khénifra;Appartement économique;PT;2002;329;101
Khénifra;Appartement économique;PT;2003;328;101
Khénifra;Appartement économique;PT;2004;339;104
Khénifra;Appartement économique;PT;2005;355;109
Khénifra;Appartement économique;PT;2006;356;110
Khénifra;Appartement économique;PT;2007;372;114
Khénifra;Appartement économique;PT;2008;387;119
Khénifra;Appartement économique;PT;2009;406;125
Khénifra;Appartement économique;PT;2010;412;127
Khénifra;Appartement économique;PT;2011;418;128
Khénifra;Appartement économique;PT;2012;424;130
Khénifra;Appartement économique;PT;2013;430;132
Khénifra;Appartement économique;PT;2014;437;134
Khénifra;Appartement économique;PT;2015;443;136
Khénifra;Appartement économique;PT;2016;470;144
Khénifra;Appartement économique;PT;2017;498;153
Khénifra;Appartement économique;PT;2018;523;161
Khénifra;Appartement économique;PT;2019;552;170
Khénifra;Maison sur lot économique;GT;2001;490;100
Khénifra;Maison sur lot économique;GT;2002;511;104
Khénifra;Maison sur lot économique;GT;2003;528;108
Khénifra;Maison sur lot économique;GT;2004;537;109
Khénifra;Maison sur lot économique;GT;2005;547;112
Khénifra;Maison sur lot économique;GT;2006;559;114
Khénifra;Maison sur lot économique;GT;2007;573;117
Khénifra;Maison sur lot économique;GT;2008;584;119
Khénifra;Maison sur lot économique;GT;2009;604;123
Khénifra;Maison sur lot économique;GT;2010;618;126
Khénifra;Maison sur lot économique;GT;2011;627;128
Khénifra;Maison sur lot économique;GT;2012;636;130
Khénifra;Maison sur lot économique;GT;2013;651;133
Khénifra;Maison sur lot économique;GT;2014;661;135
Khénifra;Maison sur lot économique;GT;2015;673;137
Khénifra;Maison sur lot économique;GT;2016;719;147
Khénifra;Maison sur lot économique;GT;2017;768;157
Khénifra;Maison sur lot économique;GT;2018;809;165
Khénifra;Maison sur lot économique;GT;2019;865;176
Khénifra;Maison sur lot économique;MLE;2001;448;100
Khénifra;Maison sur lot économique;MLE;2002;461;103
Khénifra;Maison sur lot économique;MLE;2003;471;105
Khénifra;Maison sur lot économique;MLE;2004;480;107
Khénifra;Maison sur lot économique;MLE;2005;481;108
Khénifra;Maison sur lot économique;MLE;2006;479;107
Khénifra;Maison sur lot économique;MLE;2007;487;109
Khénifra;Maison sur lot économique;MLE;2008;499;112
Khénifra;Maison sur lot économique;MLE;2009;513;115
Khénifra;Maison sur lot économique;MLE;2010;524;117
Khénifra;Maison sur lot économique;MLE;2011;537;121
Khénifra;Maison sur lot économique;MLE;2012;551;124
Khénifra;Maison sur lot économique;MLE;2013;567;127
Khénifra;Maison sur lot économique;MLE;2014;582;131
Khénifra;Maison sur lot économique;MLE;2015;588;137
Khénifra;Maison sur lot économique;MLE;2016;617;143
Khénifra;Maison sur lot économique;MLE;2017;650;151
Khénifra;Maison sur lot économique;MLE;2018;678;157
Khénifra;Maison sur lot économique;MLE;2019;724;168
Khénifra;Maison sur lot économique;MT;2001;463;100
Khénifra;Maison sur lot économique;MT;2002;473;102
Khénifra;Maison sur lot économique;MT;2003;482;104
Khénifra;Maison sur lot économique;MT;2004;492;106
Khénifra;Maison sur lot économique;MT;2005;487;105
Khénifra;Maison sur lot économique;MT;2006;477;103
Khénifra;Maison sur lot économique;MT;2007;483;104
Khénifra;Maison sur lot économique;MT;2008;494;107
Khénifra;Maison sur lot économique;MT;2009;508;110
Khénifra;Maison sur lot économique;MT;2010;517;112
Khénifra;Maison sur lot économique;MT;2011;531;115
Khénifra;Maison sur lot économique;MT;2012;546;118
Khénifra;Maison sur lot économique;MT;2013;561;121
Khénifra;Maison sur lot économique;MT;2014;576;125
Khénifra;Maison sur lot économique;MT;2015;592;128
Khénifra;Maison sur lot économique;MT;2016;623;135
Khénifra;Maison sur lot économique;MT;2017;656;142
Khénifra;Maison sur lot économique;MT;2018;681;147
Khénifra;Maison sur lot économique;MT;2019;729;158
Khénifra;Maison sur lot économique;PT;2001;327;100
Khénifra;Maison sur lot économique;PT;2002;342;104
Khénifra;Maison sur lot économique;PT;2003;352;107
Khénifra;Maison sur lot économique;PT;2004;351;107
Khénifra;Maison sur lot économique;PT;2005;370;113
Khénifra;Maison sur lot économique;PT;2006;385;118
Khénifra;Maison sur lot économique;PT;2007;400;122
Khénifra;Maison sur lot économique;PT;2008;415;127
Khénifra;Maison sur lot économique;PT;2009;419;128
Khénifra;Maison sur lot économique;PT;2010;435;133
Khénifra;Maison sur lot économique;PT;2011;452;138
Khénifra;Maison sur lot économique;PT;2012;469;143
Khénifra;Maison sur lot économique;PT;2013;486;148
Khénifra;Maison sur lot économique;PT;2014;504;154
Khénifra;Maison sur lot économique;PT;2015;523;160
Khénifra;Maison sur lot économique;PT;2016;536;164
Khénifra;Maison sur lot économique;PT;2017;556;170
Khénifra;Maison sur lot économique;PT;2018;586;179
Khénifra;Maison sur lot économique;PT;2019;622;190
Khénifra;Total ville;MLE;2001;452;100
Khénifra;Total ville;MLE;2002;463;102
Khénifra;Total ville;MLE;2003;476;105
Khénifra;Total ville;MLE;2004;487;108
Khénifra;Total ville;MLE;2005;491;109
Khénifra;Total ville;MLE;2006;492;109
Khénifra;Total ville;MLE;2007;505;112
Khénifra;Total ville;MLE;2008;518;115
Khénifra;Total ville;MLE;2009;535;119
Khénifra;Total ville;MLE;2010;545;121
Khénifra;Total ville;MLE;2011;556;124
Khénifra;Total ville;MLE;2012;567;126
Khénifra;Total ville;MLE;2013;579;129
Khénifra;Total ville;MLE;2014;592;132
Khénifra;Total ville;MLE;2015;609;138
Khénifra;Total ville;MLE;2016;637;144
Khénifra;Total ville;MLE;2017;669;151
Khénifra;Total ville;MLE;2018;697;158
Khénifra;Total ville;MLE;2019;741;168
Khénifra;Villa;GT;2001;1335;100
Khénifra;Villa;GT;2002;1401;105
Khénifra;Villa;GT;2003;1473;110
Khénifra;Villa;GT;2004;1548;116
Khénifra;Villa;GT;2005;1623;122
Khénifra;Villa;GT;2006;1653;124
Khénifra;Villa;GT;2007;1728;129
Khénifra;Villa;GT;2008;1820;136
Khénifra;Villa;GT;2009;1830;137
Khénifra;Villa;GT;2010;1876;141
Khénifra;Villa;GT;2011;1886;141
Khénifra;Villa;GT;2012;1896;142
Khénifra;Villa;GT;2013;1906;143
Khénifra;Villa;GT;2014;1916;144
Khénifra;Villa;GT;2015;1926;144
Khénifra;Villa;GT;2016;2006;150
Khénifra;Villa;GT;2017;2086;156
Khénifra;Villa;GT;2018;2173;163
Khénifra;Villa;GT;2019;2250;169
Khénifra;Villa;MT;2001;939;100
Khénifra;Villa;MT;2002;991;106
Khénifra;Villa;MT;2003;1016;108
Khénifra;Villa;MT;2004;1052;112
Khénifra;Villa;MT;2005;1067;114
Khénifra;Villa;MT;2006;1083;115
Khénifra;Villa;MT;2007;1099;117
Khénifra;Villa;MT;2008;1137;121
Khénifra;Villa;MT;2009;1166;124
Khénifra;Villa;MT;2010;1206;128
Khénifra;Villa;MT;2011;1224;130
Khénifra;Villa;MT;2012;1242;132
Khénifra;Villa;MT;2013;1260;134
Khénifra;Villa;MT;2014;1321;141
Khénifra;Villa;MT;2015;1394;148
Khénifra;Villa;MT;2016;1421;151
Khénifra;Villa;MT;2017;1448;154
Khénifra;Villa;MT;2018;1476;157
Khénifra;Villa;MT;2019;1503;160
Khénifra;Villa;PT;2001;720;100
Khénifra;Villa;PT;2002;757;105
Khénifra;Villa;PT;2003;792;110
Khénifra;Villa;PT;2004;836;116
Khénifra;Villa;PT;2005;860;120
Khénifra;Villa;PT;2006;869;121
Khénifra;Villa;PT;2007;882;123
Khénifra;Villa;PT;2008;921;128
Khénifra;Villa;PT;2009;948;132
Khénifra;Villa;PT;2010;1001;139
Khénifra;Villa;PT;2011;1018;142
Khénifra;Villa;PT;2012;1018;141
Khénifra;Villa;PT;2013;1032;143
Khénifra;Villa;PT;2014;1047;145
Khénifra;Villa;PT;2015;1082;150
Khénifra;Villa;PT;2016;1096;152
Khénifra;Villa;PT;2017;1113;155
Khénifra;Villa;PT;2018;1121;156
Khénifra;Villa;PT;2019;1142;159
Khénifra;Villa;VIL;2001;929;100
Khénifra;Villa;VIL;2002;978;105
Khénifra;Villa;VIL;2003;1015;109
Khénifra;Villa;VIL;2004;1061;114
Khénifra;Villa;VIL;2005;1090;117
Khénifra;Villa;VIL;2006;1106;119
Khénifra;Villa;VIL;2007;1131;121
Khénifra;Villa;VIL;2008;1179;126
Khénifra;Villa;VIL;2009;1204;129
Khénifra;Villa;VIL;2010;1250;134
Khénifra;Villa;VIL;2011;1266;136
Khénifra;Villa;VIL;2012;1276;137
Khénifra;Villa;VIL;2013;1291;139
Khénifra;Villa;VIL;2014;1326;143
Khénifra;Villa;VIL;2015;1348;149
Khénifra;Villa;VIL;2016;1378;152
Khénifra;Villa;VIL;2017;1408;155
Khénifra;Villa;VIL;2018;1437;157
Khénifra;Villa;VIL;2019;1469;161
